"word","n","contestant"
"relnofolowtwiter",2219,"whitemoney"
"fsenanaa",2115,"whitemoney"
"rt",2001,"whitemoney"
"bnaija",1929,"whitemoney"
"whitemoney",1881,"whitemoney"
"hrefhtptwitercomdownloadandroid",1243,"whitemoney"
"hrefhtptwitercomdownloadiphone",856,"whitemoney"
"bnaijafsena",661,"whitemoney"
"נ",381,"whitemoney"
"maria",312,"whitemoney"
"money",285,"whitemoney"
"white",273,"whitemoney"
"dey",216,"whitemoney"
"house",172,"whitemoney"
"נננ",168,"whitemoney"
"teamwhitemoney",147,"whitemoney"
"ננ",146,"whitemoney"
"na",126,"whitemoney"
"hrefhtpsmobiletwitercom",120,"whitemoney"
"web",120,"whitemoney"
"maria",3650,"maria"
"bnaija",3514,"maria"
"rt",3250,"maria"
"relnofolowtwiter",3075,"maria"
"fsenanaa",2975,"maria"
"hrefhtptwitercomdownloadandroid",1685,"maria"
"hrefhtptwitercomdownloadiphone",1243,"maria"
"bnaijafsena",925,"maria"
"liquorose",604,"maria"
"נ",579,"maria"
"ננ",313,"maria"
"whitemoney",293,"maria"
"white",290,"maria"
"love",257,"maria"
"jackie",256,"maria"
"money",255,"maria"
"se",230,"maria"
"people",206,"maria"
"dey",198,"maria"
"mariachike",194,"maria"
"bnaija",470,"pere"
"pere",470,"pere"
"relnofolowtwiter",348,"pere"
"fsenanaa",338,"pere"
"rt",321,"pere"
"hrefhtptwitercomdownloadandroid",185,"pere"
"hrefhtptwitercomdownloadiphone",156,"pere"
"bnaijafsena",113,"pere"
"saga",111,"pere"
"boma",84,"pere"
"נ",62,"pere"
"ננ",43,"pere"
"maria",38,"pere"
"white",38,"pere"
"dey",36,"pere"
"whitemoney",35,"pere"
"emanuel",29,"pere"
"money",29,"pere"
"bigie",28,"pere"
"girls",27,"pere"
"whitemoney",590,"whitemoney"
"bnaija",409,"whitemoney"
"maria",225,"whitemoney"
"god",165,"whitemoney"
"liquorose",154,"whitemoney"
"folow",147,"whitemoney"
"body",129,"whitemoney"
"vote",123,"whitemoney"
"pere",57,"whitemoney"
"al",44,"whitemoney"
"itswhitemoney",40,"whitemoney"
"beatrice",38,"whitemoney"
"voting",36,"whitemoney"
"dey",34,"whitemoney"
"bnaijia",31,"whitemoney"
"dont",31,"whitemoney"
"people",29,"whitemoney"
"abeg",28,"whitemoney"
"quinkingz",25,"whitemoney"
"game",24,"whitemoney"
"morning",24,"whitemoney"
"na",24,"whitemoney"
"maria",896,"maria"
"bnaija",576,"maria"
"pere",281,"maria"
"whitemoney",220,"maria"
"god",182,"maria"
"liquorose",181,"maria"
"folow",144,"maria"
"body",130,"maria"
"dont",86,"maria"
"love",71,"maria"
"game",61,"maria"
"al",60,"maria"
"wil",48,"maria"
"marians",45,"maria"
"likes",42,"maria"
"morning",39,"maria"
"marias",38,"maria"
"people",38,"maria"
"realy",38,"maria"
"cros",35,"maria"
"girl",35,"maria"
"told",35,"maria"
"pere",431,"pere"
"maria",289,"pere"
"bnaija",262,"pere"
"dont",68,"pere"
"beatrice",53,"pere"
"whitemoney",53,"pere"
"liquorose",40,"pere"
"likes",39,"pere"
"told",30,"pere"
"realy",29,"pere"
"breakfast",28,"pere"
"game",28,"pere"
"wil",26,"pere"
"al",25,"pere"
"bnaijia",22,"pere"
"doesnt",18,"pere"
"bnaijashineyaeye",17,"pere"
"cros",17,"pere"
"night",17,"pere"
"dey",16,"pere"
"love",16,"pere"
"niyi",29,"niyi"
"bnaija",20,"niyi"
"beatrice",9,"niyi"
"whitemoney",9,"niyi"
"yousef",9,"niyi"
"yerins",8,"niyi"
"vote",6,"niyi"
"wil",5,"niyi"
"al",4,"niyi"
"arin",3,"niyi"
"bnaijashineyaeyes",3,"niyi"
"eviction",3,"niyi"
"game",3,"niyi"
"hope",3,"niyi"
"loks",3,"niyi"
"maria",3,"niyi"
"money",3,"niyi"
"niyilawal",3,"niyi"
"time",3,"niyi"
"wek",3,"niyi"
"white",3,"niyi"
"angel",119,"angel"
"bnaija",76,"angel"
"beatrice",32,"angel"
"samie",31,"angel"
"maria",21,"angel"
"folow",14,"angel"
"liquorose",11,"angel"
"se",10,"angel"
"bnaijia",9,"angel"
"day",9,"angel"
"god",9,"angel"
"atracted",8,"angel"
"conversation",7,"angel"
"cros",7,"angel"
"dont",7,"angel"
"shipers",7,"angel"
"update",7,"angel"
"whitemoney",7,"angel"
"atitude",6,"angel"
"doesnt",6,"angel"
"house",6,"angel"
"im",6,"angel"
"morning",6,"angel"
"relationship",6,"angel"
"ship",6,"angel"
"arin",90,"arin"
"bnaija",73,"arin"
"nini",34,"arin"
"peace",27,"arin"
"maria",23,"arin"
"beatrice",15,"arin"
"pere",15,"arin"
"liquorose",11,"arin"
"theyre",11,"arin"
"whitemoney",10,"arin"
"stil",9,"arin"
"al",8,"arin"
"gosiping",8,"arin"
"bnaijia",7,"arin"
"crying",7,"arin"
"god",7,"arin"
"kep",7,"arin"
"leave",7,"arin"
"saga",7,"arin"
"wil",7,"arin"
"boma",51,"boma"
"bnaija",43,"boma"
"jackie",24,"boma"
"head",21,"boma"
"house",14,"boma"
"deputy",12,"boma"
"hoh",12,"boma"
"maria",11,"boma"
"wins",9,"boma"
"god",7,"boma"
"whitemoney",6,"boma"
"angel",5,"boma"
"saved",5,"boma"
"wek",5,"boma"
"bnaijashineyaeye",4,"boma"
"bomas",4,"boma"
"chose",4,"boma"
"eviction",4,"boma"
"folow",4,"boma"
"game",4,"boma"
"housechalenge",4,"boma"
"liquorose",4,"boma"
"realy",4,"boma"
"se",4,"boma"
"yousef",4,"boma"
"beatrice",200,"beatrice"
"bnaija",131,"beatrice"
"pere",57,"beatrice"
"whitemoney",34,"beatrice"
"vote",33,"beatrice"
"angel",30,"beatrice"
"maria",29,"beatrice"
"al",16,"beatrice"
"bnaijia",16,"beatrice"
"shes",16,"beatrice"
"arin",13,"beatrice"
"dey",12,"beatrice"
"people",12,"beatrice"
"yerins",12,"beatrice"
"yousef",12,"beatrice"
"liquorose",11,"beatrice"
"se",10,"beatrice"
"shaxi",10,"beatrice"
"voting",10,"beatrice"
"house",9,"beatrice"
"niyi",9,"beatrice"
"paul",9,"beatrice"
"save",9,"beatrice"
"stay",9,"beatrice"
"votes",9,"beatrice"
"cros",84,"cross"
"bnaija",56,"cross"
"maria",39,"cross"
"dont",17,"cross"
"pere",17,"cross"
"morning",16,"cross"
"god",14,"cross"
"crosnation",10,"cross"
"loking",10,"cross"
"money",10,"cross"
"saskay",9,"cross"
"al",8,"cross"
"angel",7,"cross"
"girlfriend",7,"cross"
"liquorose",7,"cross"
"told",7,"cross"
"crosdabosike",6,"cross"
"guy",6,"cross"
"pls",6,"cross"
"whitemoney",6,"cross"
"yousef",6,"cross"
"emanuel",68,"emmanuel"
"bnaija",42,"emmanuel"
"liquorose",23,"emmanuel"
"maria",18,"emmanuel"
"themanuelumoh",17,"emmanuel"
"emirates",10,"emmanuel"
"wil",8,"emmanuel"
"morning",7,"emmanuel"
"pere",7,"emmanuel"
"rose",6,"emmanuel"
"tel",6,"emmanuel"
"bnaijashineyaeye",5,"emmanuel"
"emarose",5,"emmanuel"
"fine",5,"emmanuel"
"god",5,"emmanuel"
"shipers",5,"emmanuel"
"al",4,"emmanuel"
"coz",4,"emmanuel"
"doesnt",4,"emmanuel"
"ejos",4,"emmanuel"
"emanuels",4,"emmanuel"
"king",4,"emmanuel"
"kis",4,"emmanuel"
"likes",4,"emmanuel"
"whitemoney",4,"emmanuel"
"jackie",38,"jackie"
"bnaija",32,"jackie"
"boma",22,"jackie"
"deputy",11,"jackie"
"head",10,"jackie"
"house",8,"jackie"
"dey",5,"jackie"
"se",5,"jackie"
"abeg",4,"jackie"
"angel",4,"jackie"
"chose",4,"jackie"
"hoh",4,"jackie"
"teamjackieb",4,"jackie"
"wek",4,"jackie"
"wel",4,"jackie"
"boring",3,"jackie"
"content",3,"jackie"
"jackieb",3,"jackie"
"jaguars",3,"jackie"
"maria",3,"jackie"
"pere",3,"jackie"
"shot",3,"jackie"
"wizkid",3,"jackie"
"liquorose",619,"liquorose"
"bnaija",526,"liquorose"
"maria",193,"liquorose"
"god",176,"liquorose"
"folow",153,"liquorose"
"whitemoney",153,"liquorose"
"body",133,"liquorose"
"focusonliquorose",99,"liquorose"
"rosearmy",65,"liquorose"
"quen",48,"liquorose"
"pere",47,"liquorose"
"folowers",41,"liquorose"
"morning",40,"liquorose"
"love",37,"liquorose"
"milion",33,"liquorose"
"bnaijia",27,"liquorose"
"girl",27,"liquorose"
"quinkingz",26,"liquorose"
"baby",25,"liquorose"
"emanuel",24,"liquorose"
"jaypaul",9,"jaypaul"
"bnaija",7,"jaypaul"
"saved",4,"jaypaul"
"boma",3,"jaypaul"
"guy",3,"jaypaul"
"col",2,"jaypaul"
"cried",2,"jaypaul"
"eviction",2,"jaypaul"
"hoh",2,"jaypaul"
"jaypaulmrflamez",2,"jaypaul"
"kinda",2,"jaypaul"
"maria",2,"jaypaul"
"niyi",2,"jaypaul"
"nominated",2,"jaypaul"
"personality",2,"jaypaul"
"posible",2,"jaypaul"
"yousef",2,"jaypaul"
"adechukwudile",1,"jaypaul"
"ayeniyemzy",1,"jaypaul"
"badmantedya",1,"jaypaul"
"beatrice",1,"jaypaul"
"bel",1,"jaypaul"
"bigbrother",1,"jaypaul"
"bnajia",1,"jaypaul"
"bntalks",1,"jaypaul"
"bomakpore",1,"jaypaul"
"cros",1,"jaypaul"
"crying",1,"jaypaul"
"dady",1,"jaypaul"
"dont",1,"jaypaul"
"ebuka",1,"jaypaul"
"evictions",1,"jaypaul"
"explain",1,"jaypaul"
"fel",1,"jaypaul"
"gistloversblog",1,"jaypaul"
"god",1,"jaypaul"
"hes",1,"jaypaul"
"house",1,"jaypaul"
"htpstcogubedfnwb",1,"jaypaul"
"htpstcokydybxjba",1,"jaypaul"
"jacki",1,"jaypaul"
"jaypaulbnaija",1,"jaypaul"
"knowing",1,"jaypaul"
"likes",1,"jaypaul"
"liquorose",1,"jaypaul"
"money",1,"jaypaul"
"morning",1,"jaypaul"
"mrflamez",1,"jaypaul"
"okparaholadipog",1,"jaypaul"
"ozomainchick",1,"jaypaul"
"pere",1,"jaypaul"
"pereis",1,"jaypaul"
"picked",1,"jaypaul"
"sta",1,"jaypaul"
"teamjayapaul",1,"jaypaul"
"teamjaypaul",1,"jaypaul"
"theflamez",1,"jaypaul"
"usmanashafe",1,"jaypaul"
"voted",1,"jaypaul"
"wahala",1,"jaypaul"
"wek",1,"jaypaul"
"white",1,"jaypaul"
"whitemoney",1,"jaypaul"
"wildcard",1,"jaypaul"
"wildcards",1,"jaypaul"
"yal",1,"jaypaul"
"yerins",1,"jaypaul"
"yerinsis",1,"jaypaul"
"yesterday",1,"jaypaul"
"nini",95,"nini"
"bnaija",75,"nini"
"arin",37,"nini"
"peace",26,"nini"
"niniknights",23,"nini"
"maria",20,"nini"
"ninioficial",16,"nini"
"se",11,"nini"
"theyre",10,"nini"
"pere",9,"nini"
"quen",9,"nini"
"al",8,"nini"
"beautiful",8,"nini"
"beauty",8,"nini"
"folow",8,"nini"
"gosiping",8,"nini"
"stil",8,"nini"
"people",7,"nini"
"saga",7,"nini"
"begin",6,"nini"
"dont",6,"nini"
"god",6,"nini"
"morning",6,"nini"
"shes",6,"nini"
"shine",6,"nini"
"vibes",6,"nini"
"whitemoney",6,"nini"
"wondering",6,"nini"
"yousef",6,"nini"
"peace",49,"peace"
"bnaija",33,"peace"
"arin",25,"peace"
"nini",23,"peace"
"maria",13,"peace"
"theyre",10,"peace"
"gosiping",8,"peace"
"pere",8,"peace"
"stil",8,"peace"
"al",6,"peace"
"begin",6,"peace"
"morning",6,"peace"
"peaceogor",6,"peace"
"wondering",6,"peace"
"god",5,"peace"
"folow",4,"peace"
"fuck",4,"peace"
"game",4,"peace"
"hear",4,"peace"
"nonsense",4,"peace"
"playing",4,"peace"
"season",4,"peace"
"wek",4,"peace"
"wetin",4,"peace"
"bnaija",1,"princess"
"dey",1,"princess"
"dis",1,"princess"
"house",1,"princess"
"ni",1,"princess"
"princes",1,"princess"
"saga",73,"saga"
"bnaija",48,"saga"
"sagadeolu",40,"saga"
"sagas",24,"saga"
"folow",19,"saga"
"husband",18,"saga"
"tegas",18,"saga"
"instagram",17,"saga"
"reacts",17,"saga"
"socials",17,"saga"
"twiter",17,"saga"
"video",14,"saga"
"breast",9,"saga"
"god",9,"saga"
"live",9,"saga"
"sucking",9,"saga"
"morning",8,"saga"
"hernple",7,"saga"
"al",6,"saga"
"arin",6,"saga"
"ucking",6,"saga"
"samie",45,"sammie"
"angel",27,"sammie"
"bnaija",23,"sammie"
"se",7,"sammie"
"atitude",5,"sammie"
"confronts",5,"sammie"
"money",5,"sammie"
"relationship",5,"sammie"
"ship",5,"sammie"
"ur",5,"sammie"
"angelvideo",4,"sammie"
"didnt",4,"sammie"
"dont",4,"sammie"
"pere",4,"sammie"
"reveals",4,"sammie"
"heyanosha",3,"sammie"
"kis",3,"sammie"
"na",3,"sammie"
"todayng",3,"sammie"
"true",3,"sammie"
"weve",3,"sammie"
"saskay",29,"saskay"
"bnaija",22,"saskay"
"yousef",11,"saskay"
"money",9,"saskay"
"dont",8,"saskay"
"girlfriend",7,"saskay"
"loking",7,"saskay"
"sasforce",7,"saskay"
"oficialsaskay",6,"saskay"
"saskayornothing",6,"saskay"
"bbnaija",4,"saskay"
"bnaijashineyaeye",4,"saskay"
"cros",4,"saskay"
"favorite",4,"saskay"
"licks",4,"saskay"
"picture",4,"saskay"
"angel",3,"saskay"
"body",3,"saskay"
"dare",3,"saskay"
"guy",3,"saskay"
"morning",3,"saskay"
"nini",3,"saskay"
"telscros",3,"saskay"
"truth",3,"saskay"
"bnaija",38,"tega"
"husband",26,"tega"
"tegas",25,"tega"
"saga",19,"tega"
"reacts",17,"tega"
"tega",14,"tega"
"video",14,"tega"
"breast",10,"tega"
"live",9,"tega"
"sucking",9,"tega"
"hernple",7,"tega"
"ucking",6,"tega"
"maria",5,"tega"
"tv",5,"tega"
"fans",4,"tega"
"itstegadominic",4,"tega"
"tvvideo",4,"tega"
"confirmed",3,"tega"
"cracylyn",3,"tega"
"dare",3,"tega"
"house",3,"tega"
"housemate",3,"tega"
"pere",3,"tega"
"saskay",3,"tega"
"shes",3,"tega"
"stil",3,"tega"
"thecutegalore",3,"tega"
"vote",3,"tega"
"whitemoney",497,"whitemoney"
"bnaija",321,"whitemoney"
"maria",120,"whitemoney"
"vote",101,"whitemoney"
"pere",50,"whitemoney"
"folow",49,"whitemoney"
"god",44,"whitemoney"
"voting",43,"whitemoney"
"al",42,"whitemoney"
"beatrice",42,"whitemoney"
"liquorose",41,"whitemoney"
"wil",41,"whitemoney"
"dey",39,"whitemoney"
"game",36,"whitemoney"
"people",32,"whitemoney"
"body",29,"whitemoney"
"bnaijashineyaeyes",25,"whitemoney"
"bnaijia",25,"whitemoney"
"itswhitemoney",25,"whitemoney"
"abeg",24,"whitemoney"
"maria",1000,"maria"
"bnaija",617,"maria"
"pere",335,"maria"
"whitemoney",122,"maria"
"wil",100,"maria"
"dont",98,"maria"
"liquorose",86,"maria"
"al",79,"maria"
"god",78,"maria"
"emanuel",62,"maria"
"marians",60,"maria"
"game",59,"maria"
"love",59,"maria"
"realy",55,"maria"
"girl",54,"maria"
"folow",46,"maria"
"likes",46,"maria"
"doesnt",44,"maria"
"marias",44,"maria"
"people",44,"maria"
"pere",563,"pere"
"bnaija",369,"pere"
"maria",345,"pere"
"dont",76,"pere"
"samie",50,"pere"
"wil",49,"pere"
"whitemoney",44,"pere"
"realy",41,"pere"
"likes",35,"pere"
"al",32,"pere"
"bnaijia",31,"pere"
"game",31,"pere"
"doesnt",29,"pere"
"house",27,"pere"
"told",25,"pere"
"breakfast",24,"pere"
"liquorose",24,"pere"
"beatrice",23,"pere"
"dey",22,"pere"
"peres",22,"pere"
"niyi",16,"niyi"
"bnaija",12,"niyi"
"whitemoney",10,"niyi"
"yerins",9,"niyi"
"beatrice",8,"niyi"
"yousef",7,"niyi"
"home",4,"niyi"
"bnaijashineyaeye",3,"niyi"
"eviction",3,"niyi"
"nominated",3,"niyi"
"se",3,"niyi"
"bnai",2,"niyi"
"game",2,"niyi"
"housemate",2,"niyi"
"housemates",2,"niyi"
"jaypaul",2,"niyi"
"likes",2,"niyi"
"maried",2,"niyi"
"money",2,"niyi"
"olorisupergal",2,"niyi"
"pekere",2,"niyi"
"vote",2,"niyi"
"wekend",2,"niyi"
"white",2,"niyi"
"angel",111,"angel"
"bnaija",100,"angel"
"maria",26,"angel"
"samie",20,"angel"
"angels",14,"angel"
"liquorose",12,"angel"
"angelthecontent",11,"angel"
"day",11,"angel"
"folow",9,"angel"
"doesnt",8,"angel"
"se",8,"angel"
"god",7,"angel"
"guy",7,"angel"
"morning",7,"angel"
"pere",7,"angel"
"realy",7,"angel"
"beatrice",6,"angel"
"beautiful",6,"angel"
"bnaijashineyaeye",6,"angel"
"cros",6,"angel"
"dont",6,"angel"
"house",6,"angel"
"ship",6,"angel"
"wil",6,"angel"
"arin",73,"arin"
"bnaija",66,"arin"
"nini",23,"arin"
"maria",18,"arin"
"pere",17,"arin"
"amsterdam",14,"arin"
"beatrice",14,"arin"
"country",12,"arin"
"whitemoney",10,"arin"
"wil",9,"arin"
"bnaijia",8,"arin"
"crying",8,"arin"
"peace",8,"arin"
"yousef",8,"arin"
"saskay",7,"arin"
"se",7,"arin"
"al",6,"arin"
"game",6,"arin"
"stil",6,"arin"
"theyre",6,"arin"
"wearing",6,"arin"
"boma",72,"boma"
"bnaija",66,"boma"
"house",16,"boma"
"jackie",13,"boma"
"hoh",11,"boma"
"head",10,"boma"
"easy",8,"boma"
"bbnaija",7,"boma"
"housemates",7,"boma"
"bnaijashineyaeyes",6,"boma"
"bnaijia",5,"boma"
"bomas",5,"boma"
"folow",5,"boma"
"liquorose",5,"boma"
"whitemoney",5,"boma"
"yousef",5,"boma"
"abeg",4,"boma"
"acent",4,"boma"
"deputy",4,"boma"
"dont",4,"boma"
"god",4,"boma"
"love",4,"boma"
"reign",4,"boma"
"saved",4,"boma"
"ship",4,"boma"
"teamboma",4,"boma"
"beatrice",146,"beatrice"
"bnaija",91,"beatrice"
"whitemoney",42,"beatrice"
"vote",39,"beatrice"
"pere",22,"beatrice"
"maria",18,"beatrice"
"yousef",14,"beatrice"
"votes",12,"beatrice"
"arin",11,"beatrice"
"voting",11,"beatrice"
"al",10,"beatrice"
"shes",10,"beatrice"
"yerins",10,"beatrice"
"bnaijia",8,"beatrice"
"liquorose",8,"beatrice"
"niyi",8,"beatrice"
"people",8,"beatrice"
"wek",8,"beatrice"
"dey",7,"beatrice"
"eviction",7,"beatrice"
"king",7,"beatrice"
"pls",7,"beatrice"
"team",7,"beatrice"
"wil",7,"beatrice"
"cros",120,"cross"
"bnaija",92,"cross"
"maria",45,"cross"
"pere",20,"cross"
"crosnation",13,"cross"
"likes",11,"cross"
"liquorose",11,"cross"
"retwet",11,"cross"
"crosdabosike",10,"cross"
"guy",10,"cross"
"whitemoney",10,"cross"
"acros",9,"cross"
"hustle",9,"cross"
"kindly",9,"cross"
"morning",9,"cross"
"yousef",9,"cross"
"god",8,"cross"
"day",7,"cross"
"house",7,"cross"
"money",7,"cross"
"season",7,"cross"
"timeline",7,"cross"
"emanuel",172,"emmanuel"
"bnaija",111,"emmanuel"
"maria",76,"emmanuel"
"liquorose",50,"emmanuel"
"wil",19,"emmanuel"
"game",15,"emmanuel"
"pere",13,"emmanuel"
"themanuelumoh",13,"emmanuel"
"emirates",12,"emmanuel"
"people",11,"emmanuel"
"al",10,"emmanuel"
"emarose",10,"emmanuel"
"rose",10,"emmanuel"
"shipers",10,"emmanuel"
"house",9,"emmanuel"
"leave",9,"emmanuel"
"fine",8,"emmanuel"
"im",8,"emmanuel"
"love",8,"emmanuel"
"realy",8,"emmanuel"
"ship",8,"emmanuel"
"jackie",23,"jackie"
"bnaija",21,"jackie"
"boma",14,"jackie"
"bnaijashineyaeyes",4,"jackie"
"deputy",4,"jackie"
"head",4,"jackie"
"ship",4,"jackie"
"abeg",3,"jackie"
"congratulations",3,"jackie"
"house",3,"jackie"
"love",3,"jackie"
"morning",3,"jackie"
"teamjackieb",3,"jackie"
"amp",2,"jackie"
"angel",2,"jackie"
"bbnaija",2,"jackie"
"boring",2,"jackie"
"bs",2,"jackie"
"chose",2,"jackie"
"content",2,"jackie"
"dey",2,"jackie"
"don",2,"jackie"
"fod",2,"jackie"
"gender",2,"jackie"
"glad",2,"jackie"
"god",2,"jackie"
"godbnaija",2,"jackie"
"htpstcoaucizrur",2,"jackie"
"htpstcogprwourvq",2,"jackie"
"htpstcolntkphrcm",2,"jackie"
"htpstcoqtcrnuji",2,"jackie"
"im",2,"jackie"
"jackieb",2,"jackie"
"jaypaul",2,"jackie"
"leave",2,"jackie"
"list",2,"jackie"
"lok",2,"jackie"
"maintain",2,"jackie"
"maria",2,"jackie"
"money",2,"jackie"
"people",2,"jackie"
"realjackiebent",2,"jackie"
"realthsense",2,"jackie"
"samie",2,"jackie"
"saskay",2,"jackie"
"saved",2,"jackie"
"shineyaeye",2,"jackie"
"supreme",2,"jackie"
"tels",2,"jackie"
"tencydove",2,"jackie"
"tok",2,"jackie"
"tribe",2,"jackie"
"wek",2,"jackie"
"wel",2,"jackie"
"yousef",2,"jackie"
"liquorose",395,"liquorose"
"bnaija",317,"liquorose"
"focusonliquorose",93,"liquorose"
"maria",89,"liquorose"
"god",59,"liquorose"
"emanuel",53,"liquorose"
"folow",42,"liquorose"
"whitemoney",40,"liquorose"
"rosearmy",36,"liquorose"
"quen",33,"liquorose"
"body",31,"liquorose"
"folowers",29,"liquorose"
"pere",28,"liquorose"
"morning",27,"liquorose"
"love",25,"liquorose"
"wil",23,"liquorose"
"milion",22,"liquorose"
"bnaijashineyaeyes",20,"liquorose"
"girl",18,"liquorose"
"bnaijia",16,"liquorose"
"dont",16,"liquorose"
"ig",16,"liquorose"
"bnaija",9,"jaypaul"
"jaypaul",9,"jaypaul"
"saved",4,"jaypaul"
"bnaijashineyaeyes",3,"jaypaul"
"boma",3,"jaypaul"
"guy",3,"jaypaul"
"duties",2,"jaypaul"
"flamez",2,"jaypaul"
"glad",2,"jaypaul"
"hes",2,"jaypaul"
"htpstcogprwourvq",2,"jaypaul"
"htpstcosfuqipndw",2,"jaypaul"
"im",2,"jaypaul"
"jackie",2,"jaypaul"
"jaypaulmrflamez",2,"jaypaul"
"kitchen",2,"jaypaul"
"niyi",2,"jaypaul"
"nominated",2,"jaypaul"
"teamjaypaul",2,"jaypaul"
"tels",2,"jaypaul"
"wildcard",2,"jaypaul"
"yousef",2,"jaypaul"
"nini",80,"nini"
"bnaija",47,"nini"
"arin",22,"nini"
"maria",17,"nini"
"niniknights",15,"nini"
"peace",10,"nini"
"dont",9,"nini"
"ninioficial",9,"nini"
"al",8,"nini"
"quen",8,"nini"
"saga",8,"nini"
"pere",7,"nini"
"se",7,"nini"
"whitemoney",7,"nini"
"yousef",7,"nini"
"beautiful",6,"nini"
"saskay",6,"nini"
"stop",6,"nini"
"watching",6,"nini"
"game",5,"nini"
"girl",5,"nini"
"shes",5,"nini"
"theyre",5,"nini"
"peace",36,"peace"
"bnaija",20,"peace"
"nini",10,"peace"
"arin",8,"peace"
"maria",6,"peace"
"dont",5,"peace"
"peaceogor",5,"peace"
"theyre",5,"peace"
"al",3,"peace"
"begin",3,"peace"
"folow",3,"peace"
"gosiping",3,"peace"
"love",3,"peace"
"season",3,"peace"
"stil",3,"peace"
"whitemoney",3,"peace"
"wil",3,"peace"
"wondering",3,"peace"
"acegang",2,"peace"
"alow",2,"peace"
"bn",2,"peace"
"bnaijashineyaeye",2,"peace"
"boring",2,"peace"
"days",2,"peace"
"fuck",2,"peace"
"game",2,"peace"
"gbas",2,"peace"
"gbos",2,"peace"
"girl",2,"peace"
"girls",2,"peace"
"ijebubils",2,"peace"
"im",2,"peace"
"judicataa",2,"peace"
"liquorrose",2,"peace"
"mariachike",2,"peace"
"marian",2,"peace"
"mariatilday",2,"peace"
"mind",2,"peace"
"ned",2,"peace"
"ninisingh",2,"peace"
"nonsense",2,"peace"
"oposed",2,"peace"
"peaceful",2,"peace"
"pere",2,"peace"
"petyandshady",2,"peace"
"playing",2,"peace"
"steady",2,"peace"
"twiter",2,"peace"
"wild",2,"peace"
"winer",2,"peace"
"bnaija",8,"princess"
"page",4,"princess"
"princes",4,"princess"
"breast",2,"princess"
"dey",2,"princess"
"family",2,"princess"
"god",2,"princess"
"grow",2,"princess"
"housemate",2,"princess"
"hustle",2,"princess"
"morning",2,"princess"
"twiter",2,"princess"
"angel",1,"princess"
"baby",1,"princess"
"bret",1,"princess"
"curvyprinces",1,"princess"
"detered",1,"princess"
"die",1,"princess"
"diligent",1,"princess"
"dis",1,"princess"
"distracted",1,"princess"
"engrseries",1,"princess"
"envy",1,"princess"
"fi",1,"princess"
"folo",1,"princess"
"folow",1,"princess"
"folowing",1,"princess"
"fondled",1,"princess"
"house",1,"princess"
"htp",1,"princess"
"htpstcohzrsbfxwm",1,"princess"
"kindly",1,"princess"
"kised",1,"princess"
"life",1,"princess"
"maria",1,"princess"
"marians",1,"princess"
"masage",1,"princess"
"neighbour",1,"princess"
"ni",1,"princess"
"pasionately",1,"princess"
"pay",1,"princess"
"princesbns",1,"princess"
"princesmindyo",1,"princess"
"princesnanya",1,"princess"
"realsaskay",1,"princess"
"remain",1,"princess"
"saga",1,"princess"
"sasforce",1,"princess"
"saskayfanpage",1,"princess"
"saskayornothing",1,"princess"
"simplyprinces",1,"princess"
"sucked",1,"princess"
"tegas",1,"princess"
"saga",34,"saga"
"bnaija",21,"saga"
"sagadeolu",9,"saga"
"nini",8,"saga"
"maria",6,"saga"
"pere",6,"saga"
"likes",5,"saga"
"money",5,"saga"
"tegas",5,"saga"
"white",5,"saga"
"arin",4,"saga"
"cros",4,"saga"
"dont",4,"saga"
"folow",4,"saga"
"husband",4,"saga"
"instagram",4,"saga"
"reacts",4,"saga"
"sagas",4,"saga"
"socials",4,"saga"
"twiter",4,"saga"
"samie",111,"sammie"
"bnaija",79,"sammie"
"pere",56,"sammie"
"maria",29,"sammie"
"angel",19,"sammie"
"presure",17,"sammie"
"aply",15,"sammie"
"listen",12,"sammie"
"na",12,"sammie"
"bnaijia",11,"sammie"
"brighto",9,"sammie"
"ship",8,"sammie"
"al",7,"sammie"
"guy",7,"sammie"
"money",7,"sammie"
"dey",6,"sammie"
"giving",6,"sammie"
"liquorose",6,"sammie"
"realy",6,"sammie"
"bnaijashineyaeyes",5,"sammie"
"doesnt",5,"sammie"
"dont",5,"sammie"
"house",5,"sammie"
"kis",5,"sammie"
"relationship",5,"sammie"
"se",5,"sammie"
"season",5,"sammie"
"talk",5,"sammie"
"teling",5,"sammie"
"white",5,"sammie"
"saskay",27,"saskay"
"bnaija",20,"saskay"
"sasforce",14,"saskay"
"saskayornothing",9,"saskay"
"morning",7,"saskay"
"nini",6,"saskay"
"arin",5,"saskay"
"dont",5,"saskay"
"god",5,"saskay"
"yousef",5,"saskay"
"girl",4,"saskay"
"licking",4,"saskay"
"shes",4,"saskay"
"beatrice",3,"saskay"
"bnaijashineyaeye",3,"saskay"
"bnaijia",3,"saskay"
"bret",3,"saskay"
"briliant",3,"saskay"
"creative",3,"saskay"
"cros",3,"saskay"
"dare",3,"saskay"
"dey",3,"saskay"
"folow",3,"saskay"
"game",3,"saskay"
"guy",3,"saskay"
"magic",3,"saskay"
"maria",3,"saskay"
"money",3,"saskay"
"oficialsaskay",3,"saskay"
"painter",3,"saskay"
"picture",3,"saskay"
"realsaskay",3,"saskay"
"told",3,"saskay"
"yesterday",3,"saskay"
"bnaija",33,"tega"
"tega",22,"tega"
"maria",9,"tega"
"tegas",9,"tega"
"husband",8,"tega"
"house",7,"tega"
"thecutegalore",6,"tega"
"saga",5,"tega"
"cros",4,"tega"
"itstegadominic",4,"tega"
"reacts",4,"tega"
"angel",3,"tega"
"bnaijia",3,"tega"
"breast",3,"tega"
"bzingers",3,"tega"
"girl",3,"tega"
"na",3,"tega"
"stil",3,"tega"
"actres",2,"tega"
"beatrice",2,"tega"
"beautiful",2,"tega"
"brother",2,"tega"
"coz",2,"tega"
"de",2,"tega"
"fans",2,"tega"
"folow",2,"tega"
"hernple",2,"tega"
"htpstcoidurqkb",2,"tega"
"isnt",2,"tega"
"ladies",2,"tega"
"liquorose",2,"tega"
"list",2,"tega"
"mary",2,"tega"
"masage",2,"tega"
"papa",2,"tega"
"pere",2,"tega"
"se",2,"tega"
"shes",2,"tega"
"swethea",2,"tega"
"understand",2,"tega"
"wel",2,"tega"
"wife",2,"tega"
"wil",2,"tega"
"whitemoney",456,"whitemoney"
"bnaija",287,"whitemoney"
"vote",79,"whitemoney"
"maria",64,"whitemoney"
"pere",55,"whitemoney"
"wil",48,"whitemoney"
"voting",43,"whitemoney"
"beatrice",39,"whitemoney"
"bnaijia",37,"whitemoney"
"dey",37,"whitemoney"
"al",35,"whitemoney"
"house",33,"whitemoney"
"votes",32,"whitemoney"
"abeg",28,"whitemoney"
"yousef",27,"whitemoney"
"people",26,"whitemoney"
"coking",25,"whitemoney"
"bnaijashineyaeyes",24,"whitemoney"
"bnaijashineyaeye",21,"whitemoney"
"game",21,"whitemoney"
"playing",21,"whitemoney"
"maria",1094,"maria"
"bnaija",752,"maria"
"pere",461,"maria"
"dont",105,"maria"
"liquorose",92,"maria"
"likes",90,"maria"
"wil",90,"maria"
"al",79,"maria"
"beatrice",79,"maria"
"emanuel",79,"maria"
"whitemoney",70,"maria"
"marians",60,"maria"
"house",55,"maria"
"im",55,"maria"
"shes",54,"maria"
"love",53,"maria"
"cros",51,"maria"
"girl",50,"maria"
"realy",50,"maria"
"people",49,"maria"
"pere",807,"pere"
"bnaija",512,"pere"
"maria",462,"pere"
"beatrice",93,"pere"
"dont",86,"pere"
"likes",75,"pere"
"emanuel",72,"pere"
"liquorose",58,"pere"
"whitemoney",55,"pere"
"angel",47,"pere"
"kised",47,"pere"
"wil",43,"pere"
"bnaijia",37,"pere"
"al",35,"pere"
"game",35,"pere"
"told",34,"pere"
"love",33,"pere"
"realy",33,"pere"
"shes",33,"pere"
"cros",30,"pere"
"niyi",27,"niyi"
"bnaija",23,"niyi"
"yerins",13,"niyi"
"whitemoney",11,"niyi"
"beatrice",10,"niyi"
"yousef",9,"niyi"
"eviction",7,"niyi"
"votes",5,"niyi"
"bnaijashineyaeyes",4,"niyi"
"folowing",4,"niyi"
"live",4,"niyi"
"ned",4,"niyi"
"nomi",4,"niyi"
"posible",4,"niyi"
"season",4,"niyi"
"wife",4,"niyi"
"dey",3,"niyi"
"home",3,"niyi"
"house",3,"niyi"
"money",3,"niyi"
"sunday",3,"niyi"
"theniyilawal",3,"niyi"
"time",3,"niyi"
"white",3,"niyi"
"wil",3,"niyi"
"angel",150,"angel"
"bnaija",104,"angel"
"pere",50,"angel"
"maria",44,"angel"
"beatrice",18,"angel"
"emanuel",16,"angel"
"angels",15,"angel"
"liquorose",15,"angel"
"home",14,"angel"
"boy",12,"angel"
"samie",12,"angel"
"bnaijia",10,"angel"
"dont",10,"angel"
"enter",10,"angel"
"people",10,"angel"
"age",8,"angel"
"shes",8,"angel"
"talking",8,"angel"
"whitemoney",8,"angel"
"wil",8,"angel"
"bnaija",70,"arin"
"arin",55,"arin"
"maria",21,"arin"
"nini",18,"arin"
"wearing",18,"arin"
"yousef",16,"arin"
"liquorose",15,"arin"
"pere",15,"arin"
"thearinolao",11,"arin"
"beatrice",10,"arin"
"al",9,"arin"
"na",9,"arin"
"fashion",8,"arin"
"house",8,"arin"
"peace",8,"arin"
"wil",8,"arin"
"black",7,"arin"
"brand",7,"arin"
"cros",7,"arin"
"dres",7,"arin"
"hearing",7,"arin"
"motexmaryam",7,"arin"
"nola",7,"arin"
"boma",82,"boma"
"bnaija",62,"boma"
"house",15,"boma"
"hoh",10,"boma"
"jackie",9,"boma"
"easy",8,"boma"
"head",8,"boma"
"ben",6,"boma"
"bomas",6,"boma"
"braveheas",6,"boma"
"housemates",6,"boma"
"whitemoney",6,"boma"
"bbnaija",5,"boma"
"bnaijia",5,"boma"
"jaypaul",5,"boma"
"yousef",5,"boma"
"brother",4,"boma"
"chose",4,"boma"
"deputy",4,"boma"
"dont",4,"boma"
"love",4,"boma"
"pere",4,"boma"
"president",4,"boma"
"reign",4,"boma"
"beatrice",215,"beatrice"
"bnaija",142,"beatrice"
"pere",95,"beatrice"
"maria",77,"beatrice"
"kised",45,"beatrice"
"whitemoney",40,"beatrice"
"vote",34,"beatrice"
"angel",21,"beatrice"
"shes",21,"beatrice"
"type",21,"beatrice"
"yousef",21,"beatrice"
"disrespected",17,"beatrice"
"pasionately",17,"beatrice"
"dare",16,"beatrice"
"kis",16,"beatrice"
"truth",14,"beatrice"
"jealous",13,"beatrice"
"game",12,"beatrice"
"kising",12,"beatrice"
"upset",12,"beatrice"
"cros",140,"cross"
"bnaija",109,"cross"
"maria",52,"cross"
"pere",31,"cross"
"yousef",24,"cross"
"god",15,"cross"
"whitemoney",15,"cross"
"crosnation",14,"cross"
"crosdabosike",12,"cross"
"im",11,"cross"
"morning",11,"cross"
"house",10,"cross"
"na",9,"cross"
"beatrice",8,"cross"
"bnaijia",8,"cross"
"cross",8,"cross"
"day",8,"cross"
"retwet",8,"cross"
"wil",8,"cross"
"boy",7,"cross"
"dont",7,"cross"
"emanuel",7,"cross"
"kised",7,"cross"
"likes",7,"cross"
"money",7,"cross"
"people",7,"cross"
"ship",7,"cross"
"told",7,"cross"
"vote",7,"cross"
"emanuel",207,"emmanuel"
"bnaija",120,"emmanuel"
"maria",91,"emmanuel"
"pere",71,"emmanuel"
"liquorose",62,"emmanuel"
"likes",21,"emmanuel"
"boy",20,"emmanuel"
"angel",18,"emmanuel"
"enter",18,"emmanuel"
"wil",15,"emmanuel"
"girl",13,"emmanuel"
"whitemoney",13,"emmanuel"
"bnaijia",12,"emmanuel"
"emanuels",12,"emmanuel"
"guy",12,"emmanuel"
"home",11,"emmanuel"
"told",10,"emmanuel"
"emirates",9,"emmanuel"
"house",9,"emmanuel"
"jealous",9,"emmanuel"
"people",9,"emmanuel"
"stil",9,"emmanuel"
"tel",9,"emmanuel"
"bnaija",56,"jackie"
"jackie",47,"jackie"
"realjackiebent",12,"jackie"
"boma",10,"jackie"
"jackieb",8,"jackie"
"girl",5,"jackie"
"bnaijashineyaeyes",4,"jackie"
"bnaijia",4,"jackie"
"deputy",4,"jackie"
"baby",3,"jackie"
"boring",3,"jackie"
"cros",3,"jackie"
"head",3,"jackie"
"home",3,"jackie"
"hope",3,"jackie"
"house",3,"jackie"
"im",3,"jackie"
"jaypaul",3,"jackie"
"love",3,"jackie"
"loves",3,"jackie"
"madam",3,"jackie"
"pls",3,"jackie"
"princes",3,"jackie"
"robe",3,"jackie"
"samie",3,"jackie"
"shes",3,"jackie"
"son",3,"jackie"
"teamjackieb",3,"jackie"
"tok",3,"jackie"
"wont",3,"jackie"
"yal",3,"jackie"
"yousef",3,"jackie"
"liquorose",489,"liquorose"
"bnaija",402,"liquorose"
"focusonliquorose",152,"liquorose"
"maria",93,"liquorose"
"pere",66,"liquorose"
"emanuel",58,"liquorose"
"yerins",39,"liquorose"
"rose",34,"liquorose"
"house",27,"liquorose"
"rosearmy",27,"liquorose"
"quen",26,"liquorose"
"wil",26,"liquorose"
"dont",25,"liquorose"
"se",24,"liquorose"
"god",23,"liquorose"
"love",23,"liquorose"
"al",22,"liquorose"
"morning",21,"liquorose"
"bnaijashineyaeye",19,"liquorose"
"bnaijia",19,"liquorose"
"jaypaul",10,"jaypaul"
"bnaija",5,"jaypaul"
"boma",5,"jaypaul"
"saved",3,"jaypaul"
"jackieb",2,"jaypaul"
"jaypaulmrflamez",2,"jaypaul"
"maria",2,"jaypaul"
"money",2,"jaypaul"
"niyi",2,"jaypaul"
"nominated",2,"jaypaul"
"white",2,"jaypaul"
"whitemoney",2,"jaypaul"
"yousef",2,"jaypaul"
"agre",1,"jaypaul"
"aint",1,"jaypaul"
"al",1,"jaypaul"
"ayeniyemzy",1,"jaypaul"
"beatrice",1,"jaypaul"
"ben",1,"jaypaul"
"bigie",1,"jaypaul"
"bomaakpore",1,"jaypaul"
"check",1,"jaypaul"
"choice",1,"jaypaul"
"conte",1,"jaypaul"
"cros",1,"jaypaul"
"crying",1,"jaypaul"
"cutie",1,"jaypaul"
"dont",1,"jaypaul"
"emanuel",1,"jaypaul"
"evicti",1,"jaypaul"
"eviction",1,"jaypaul"
"evictions",1,"jaypaul"
"faithshadrach",1,"jaypaul"
"game",1,"jaypaul"
"god",1,"jaypaul"
"guy",1,"jaypaul"
"hes",1,"jaypaul"
"hoh",1,"jaypaul"
"house",1,"jaypaul"
"htpstcocpqrnijxqs",1,"jaypaul"
"htpstcofdbraekc",1,"jaypaul"
"htpstcomecegak",1,"jaypaul"
"htpstcopkndpiyf",1,"jaypaul"
"htpstcoxklvuyg",1,"jaypaul"
"htpstcoytopvzqdim",1,"jaypaul"
"jacki",1,"jaypaul"
"jackie",1,"jaypaul"
"jay",1,"jaypaul"
"knowing",1,"jaypaul"
"likes",1,"jaypaul"
"listed",1,"jaypaul"
"love",1,"jaypaul"
"loves",1,"jaypaul"
"names",1,"jaypaul"
"nomines",1,"jaypaul"
"oficialyousef",1,"jaypaul"
"ozomainchick",1,"jaypaul"
"paul",1,"jaypaul"
"pere",1,"jaypaul"
"pereis",1,"jaypaul"
"picked",1,"jaypaul"
"posible",1,"jaypaul"
"props",1,"jaypaul"
"pyeparfaisal",1,"jaypaul"
"replaced",1,"jaypaul"
"safe",1,"jaypaul"
"saving",1,"jaypaul"
"se",1,"jaypaul"
"tels",1,"jaypaul"
"thuo",1,"jaypaul"
"told",1,"jaypaul"
"understand",1,"jaypaul"
"usmanashafe",1,"jaypaul"
"weakest",1,"jaypaul"
"wil",1,"jaypaul"
"wildcard",1,"jaypaul"
"yal",1,"jaypaul"
"yerins",1,"jaypaul"
"yerinsis",1,"jaypaul"
"yesterday",1,"jaypaul"
"nini",66,"nini"
"bnaija",46,"nini"
"arin",15,"nini"
"saga",12,"nini"
"whitemoney",11,"nini"
"niniknights",10,"nini"
"maria",9,"nini"
"ninioficial",8,"nini"
"peace",8,"nini"
"house",7,"nini"
"al",6,"nini"
"dont",6,"nini"
"brother",5,"nini"
"dey",5,"nini"
"quen",5,"nini"
"saskay",5,"nini"
"abeg",4,"nini"
"bnaijia",4,"nini"
"una",4,"nini"
"vibes",4,"nini"
"watching",4,"nini"
"yousef",4,"nini"
"peace",37,"peace"
"bnaija",22,"peace"
"nini",10,"peace"
"arin",8,"peace"
"se",6,"peace"
"marian",5,"peace"
"al",4,"peace"
"dont",4,"peace"
"scren",4,"peace"
"bn",3,"peace"
"bnaijia",3,"peace"
"clean",3,"peace"
"diference",3,"peace"
"girls",3,"peace"
"option",3,"peace"
"peaceogor",3,"peace"
"pere",3,"peace"
"saga",3,"peace"
"saskay",3,"peace"
"ship",3,"peace"
"stil",3,"peace"
"theyre",3,"peace"
"tv",3,"peace"
"wel",3,"peace"
"bnaija",8,"princess"
"princes",8,"princess"
"tega",4,"princess"
"im",3,"princess"
"jackie",3,"princess"
"boring",2,"princess"
"coming",2,"princess"
"htpstcojsepslfp",2,"princess"
"lot",2,"princess"
"page",2,"princess"
"people",2,"princess"
"tired",2,"princess"
"yal",2,"princess"
"baby",1,"princess"
"bigie",1,"princess"
"bnaijia",1,"princess"
"bnajia",1,"princess"
"conversations",1,"princess"
"curvyprinces",1,"princess"
"die",1,"princess"
"dont",1,"princess"
"family",1,"princess"
"fi",1,"princess"
"folowing",1,"princess"
"god",1,"princess"
"grow",1,"princess"
"house",1,"princess"
"housemate",1,"princess"
"htpstconhbuneafi",1,"princess"
"htpstcorctcnwkgy",1,"princess"
"htpstcoylbxetsdhq",1,"princess"
"impact",1,"princess"
"kayode",1,"princess"
"life",1,"princess"
"marians",1,"princess"
"masegomotlhoiwa",1,"princess"
"morning",1,"princess"
"niyi",1,"princess"
"princesnanya",1,"princess"
"realy",1,"princess"
"regreting",1,"princess"
"selecting",1,"princess"
"selorma",1,"princess"
"simplyprinces",1,"princess"
"twiter",1,"princess"
"wetin",1,"princess"
"wil",1,"princess"
"saga",43,"saga"
"bnaija",32,"saga"
"sagadeolu",14,"saga"
"husband",12,"saga"
"nini",12,"saga"
"reacts",11,"saga"
"sagas",8,"saga"
"tegas",8,"saga"
"video",8,"saga"
"folow",7,"saga"
"breast",6,"saga"
"instagram",6,"saga"
"live",6,"saga"
"socials",6,"saga"
"twiter",6,"saga"
"whitemoney",6,"saga"
"hernple",4,"saga"
"sucking",4,"saga"
"tv",4,"saga"
"angel",3,"saga"
"cros",3,"saga"
"girls",3,"saga"
"house",3,"saga"
"liquorose",3,"saga"
"lok",3,"saga"
"maria",3,"saga"
"peace",3,"saga"
"stay",3,"saga"
"tega",3,"saga"
"white",3,"saga"
"samie",43,"sammie"
"bnaija",29,"sammie"
"pere",21,"sammie"
"angel",11,"sammie"
"maria",10,"sammie"
"bnaijia",9,"sammie"
"liquorose",6,"sammie"
"guy",5,"sammie"
"na",5,"sammie"
"money",4,"sammie"
"presure",4,"sammie"
"aply",3,"sammie"
"beatrice",3,"sammie"
"giving",3,"sammie"
"jackie",3,"sammie"
"likes",3,"sammie"
"told",3,"sammie"
"white",3,"sammie"
"whitemoney",3,"sammie"
"yousef",3,"sammie"
"saskay",36,"saskay"
"bnaija",20,"saskay"
"yousef",7,"saskay"
"dont",6,"saskay"
"arin",5,"saskay"
"nini",5,"saskay"
"al",4,"saskay"
"lai",4,"saskay"
"money",4,"saskay"
"sasforce",4,"saskay"
"briliant",3,"saskay"
"creative",3,"saskay"
"cros",3,"saskay"
"girl",3,"saskay"
"girlfriend",3,"saskay"
"loking",3,"saskay"
"magic",3,"saskay"
"morning",3,"saskay"
"painter",3,"saskay"
"shes",3,"saskay"
"yesterday",3,"saskay"
"bnaija",42,"tega"
"tega",30,"tega"
"husband",25,"tega"
"tegas",25,"tega"
"reacts",14,"tega"
"saga",12,"tega"
"maria",10,"tega"
"breast",8,"tega"
"live",8,"tega"
"video",8,"tega"
"housemate",7,"tega"
"tv",7,"tega"
"juicy",5,"tega"
"male",5,"tega"
"pan",5,"tega"
"slap",5,"tega"
"boring",4,"tega"
"folow",4,"tega"
"guys",4,"tega"
"hernple",4,"tega"
"itstegadominic",4,"tega"
"people",4,"tega"
"princes",4,"tega"
"se",4,"tega"
"shake",4,"tega"
"sucked",4,"tega"
"sucking",4,"tega"
"wil",4,"tega"
"whitemoney",434,"whitemoney"
"bnaija",267,"whitemoney"
"vote",77,"whitemoney"
"maria",72,"whitemoney"
"pere",60,"whitemoney"
"voting",48,"whitemoney"
"wil",48,"whitemoney"
"beatrice",47,"whitemoney"
"house",34,"whitemoney"
"bnaijia",32,"whitemoney"
"al",29,"whitemoney"
"votes",27,"whitemoney"
"dey",26,"whitemoney"
"yousef",25,"whitemoney"
"god",23,"whitemoney"
"people",23,"whitemoney"
"bnaijashineyaeye",21,"whitemoney"
"dont",20,"whitemoney"
"kep",18,"whitemoney"
"una",18,"whitemoney"
"wek",18,"whitemoney"
"maria",1585,"maria"
"bnaija",1009,"maria"
"pere",606,"maria"
"liquorose",204,"maria"
"dont",147,"maria"
"likes",147,"maria"
"beatrice",145,"maria"
"wil",115,"maria"
"al",102,"maria"
"jealous",100,"maria"
"house",89,"maria"
"cros",81,"maria"
"girl",80,"maria"
"kised",76,"maria"
"doesnt",73,"maria"
"im",73,"maria"
"game",66,"maria"
"shes",65,"maria"
"whitemoney",65,"maria"
"kis",64,"maria"
"love",64,"maria"
"pere",857,"pere"
"maria",656,"pere"
"bnaija",516,"pere"
"beatrice",158,"pere"
"likes",116,"pere"
"dont",78,"pere"
"liquorose",77,"pere"
"kised",72,"pere"
"wil",63,"pere"
"whitemoney",62,"pere"
"al",55,"pere"
"kis",54,"pere"
"jealous",52,"pere"
"house",51,"pere"
"pasionately",50,"pere"
"disrespected",47,"pere"
"doesnt",46,"pere"
"cros",43,"pere"
"kising",41,"pere"
"game",39,"pere"
"niyi",30,"niyi"
"bnaija",27,"niyi"
"yerins",14,"niyi"
"beatrice",13,"niyi"
"whitemoney",12,"niyi"
"eviction",11,"niyi"
"yousef",11,"niyi"
"posible",7,"niyi"
"wife",5,"niyi"
"folowing",4,"niyi"
"housemates",4,"niyi"
"live",4,"niyi"
"ned",4,"niyi"
"nomi",4,"niyi"
"season",4,"niyi"
"sunday",4,"niyi"
"wek",4,"niyi"
"bnaijia",3,"niyi"
"house",3,"niyi"
"mesiifi",3,"niyi"
"saving",3,"niyi"
"time",3,"niyi"
"angel",119,"angel"
"bnaija",92,"angel"
"maria",39,"angel"
"pere",24,"angel"
"liquorose",15,"angel"
"samie",15,"angel"
"cros",14,"angel"
"ship",13,"angel"
"whitemoney",12,"angel"
"angels",11,"angel"
"beatrice",11,"angel"
"dont",10,"angel"
"im",9,"angel"
"age",8,"angel"
"bnaijia",8,"angel"
"boma",8,"angel"
"folow",8,"angel"
"atracted",7,"angel"
"doesnt",7,"angel"
"emanuel",7,"angel"
"people",7,"angel"
"se",7,"angel"
"talking",7,"angel"
"bnaija",76,"arin"
"arin",58,"arin"
"wearing",25,"arin"
"nini",21,"arin"
"maria",19,"arin"
"liquorose",18,"arin"
"pere",17,"arin"
"yousef",14,"arin"
"thearinolao",12,"arin"
"wil",12,"arin"
"whitemoney",10,"arin"
"al",9,"arin"
"fashion",9,"arin"
"na",9,"arin"
"house",8,"arin"
"jackie",8,"arin"
"shades",8,"arin"
"dont",7,"arin"
"girl",7,"arin"
"hearing",7,"arin"
"leave",7,"arin"
"motexmaryam",7,"arin"
"sharing",7,"arin"
"shes",7,"arin"
"boma",43,"boma"
"bnaija",40,"boma"
"jackie",18,"boma"
"angel",8,"boma"
"hoh",8,"boma"
"braveheas",5,"boma"
"deputy",5,"boma"
"pick",5,"boma"
"dhoh",4,"boma"
"guy",4,"boma"
"head",4,"boma"
"house",4,"boma"
"amp",3,"boma"
"ben",3,"boma"
"bomas",3,"boma"
"chose",3,"boma"
"didnt",3,"boma"
"hu",3,"boma"
"jaypaul",3,"boma"
"money",3,"boma"
"pere",3,"boma"
"se",3,"boma"
"talking",3,"boma"
"white",3,"boma"
"beatrice",417,"beatrice"
"bnaija",255,"beatrice"
"pere",162,"beatrice"
"maria",143,"beatrice"
"vote",70,"beatrice"
"kised",68,"beatrice"
"whitemoney",46,"beatrice"
"jealous",44,"beatrice"
"pasionately",44,"beatrice"
"kis",35,"beatrice"
"kising",35,"beatrice"
"shes",30,"beatrice"
"house",29,"beatrice"
"disrespected",28,"beatrice"
"dare",27,"beatrice"
"al",25,"beatrice"
"truth",23,"beatrice"
"upset",22,"beatrice"
"game",21,"beatrice"
"girl",20,"beatrice"
"save",20,"beatrice"
"cros",158,"cross"
"bnaija",104,"cross"
"maria",96,"cross"
"pere",42,"cross"
"yousef",29,"cross"
"likes",16,"cross"
"angel",14,"cross"
"god",14,"cross"
"whitemoney",14,"cross"
"crosnation",13,"cross"
"folow",13,"cross"
"im",13,"cross"
"kised",12,"cross"
"day",11,"cross"
"emanuel",11,"cross"
"house",11,"cross"
"ship",11,"cross"
"love",10,"cross"
"cross",9,"cross"
"game",9,"cross"
"kis",9,"cross"
"liquorose",9,"cross"
"na",9,"cross"
"emanuel",185,"emmanuel"
"bnaija",100,"emmanuel"
"liquorose",91,"emmanuel"
"maria",76,"emmanuel"
"pere",34,"emmanuel"
"wil",22,"emmanuel"
"likes",21,"emmanuel"
"game",17,"emmanuel"
"rose",13,"emmanuel"
"girl",12,"emmanuel"
"boy",11,"emmanuel"
"cros",11,"emmanuel"
"emanuels",11,"emmanuel"
"shipers",11,"emmanuel"
"emirates",10,"emmanuel"
"house",10,"emmanuel"
"told",10,"emmanuel"
"bnaijia",9,"emmanuel"
"emarose",9,"emmanuel"
"realy",9,"emmanuel"
"jackie",138,"jackie"
"bnaija",131,"jackie"
"wig",56,"jackie"
"head",18,"jackie"
"boma",17,"jackie"
"jackies",16,"jackie"
"whats",11,"jackie"
"bs",10,"jackie"
"grandma",9,"jackie"
"hair",8,"jackie"
"dey",7,"jackie"
"girl",7,"jackie"
"na",7,"jackie"
"shes",7,"jackie"
"abeg",6,"jackie"
"hand",6,"jackie"
"house",6,"jackie"
"loking",6,"jackie"
"realjackiebent",6,"jackie"
"se",6,"jackie"
"wear",6,"jackie"
"liquorose",567,"liquorose"
"bnaija",431,"liquorose"
"maria",225,"liquorose"
"focusonliquorose",133,"liquorose"
"pere",81,"liquorose"
"emanuel",80,"liquorose"
"wil",44,"liquorose"
"bnaijia",36,"liquorose"
"realy",32,"liquorose"
"love",31,"liquorose"
"house",30,"liquorose"
"dont",29,"liquorose"
"yerins",28,"liquorose"
"game",26,"liquorose"
"al",25,"liquorose"
"girl",22,"liquorose"
"nominate",22,"liquorose"
"god",21,"liquorose"
"se",21,"liquorose"
"bbnaija",20,"liquorose"
"talking",20,"liquorose"
"jaypaul",11,"jaypaul"
"bnaija",7,"jaypaul"
"teamjaypaul",4,"jaypaul"
"bnaijashineyaeyes",3,"jaypaul"
"boma",3,"jaypaul"
"jaypaulmrflamez",3,"jaypaul"
"bbnaija",2,"jaypaul"
"bnajia",2,"jaypaul"
"flamez",2,"jaypaul"
"nominated",2,"jaypaul"
"aint",1,"jaypaul"
"bigbrothe",1,"jaypaul"
"bigbrothernaija",1,"jaypaul"
"bnaijia",1,"jaypaul"
"choice",1,"jaypaul"
"cruised",1,"jaypaul"
"dare",1,"jaypaul"
"donziny",1,"jaypaul"
"eviction",1,"jaypaul"
"fredric",1,"jaypaul"
"fw",1,"jaypaul"
"gap",1,"jaypaul"
"god",1,"jaypaul"
"guy",1,"jaypaul"
"hes",1,"jaypaul"
"htpstcocpqrnijxqs",1,"jaypaul"
"htpstcopkndpiyf",1,"jaypaul"
"htpstcoryediwmig",1,"jaypaul"
"jackie",1,"jaypaul"
"jackieb",1,"jaypaul"
"jacky",1,"jaypaul"
"jay",1,"jaypaul"
"love",1,"jaypaul"
"loves",1,"jaypaul"
"money",1,"jaypaul"
"nomines",1,"jaypaul"
"paul",1,"jaypaul"
"posible",1,"jaypaul"
"princes",1,"jaypaul"
"pyeparfaisal",1,"jaypaul"
"quiet",1,"jaypaul"
"realy",1,"jaypaul"
"saved",1,"jaypaul"
"saving",1,"jaypaul"
"tels",1,"jaypaul"
"teth",1,"jaypaul"
"usmanashafe",1,"jaypaul"
"weakest",1,"jaypaul"
"white",1,"jaypaul"
"wildcard",1,"jaypaul"
"yesterday",1,"jaypaul"
"nini",49,"nini"
"bnaija",34,"nini"
"arin",16,"nini"
"saga",12,"nini"
"maria",9,"nini"
"peace",7,"nini"
"pere",7,"nini"
"whitemoney",7,"nini"
"ninis",6,"nini"
"people",6,"nini"
"usmanashafe",6,"nini"
"al",5,"nini"
"house",5,"nini"
"leave",5,"nini"
"niniknights",5,"nini"
"ninioficial",5,"nini"
"theyre",5,"nini"
"yousef",5,"nini"
"dey",4,"nini"
"drag",4,"nini"
"game",4,"nini"
"girl",4,"nini"
"il",4,"nini"
"na",4,"nini"
"quen",4,"nini"
"una",4,"nini"
"peace",36,"peace"
"bnaija",22,"peace"
"maria",9,"peace"
"nini",9,"peace"
"se",9,"peace"
"pere",8,"peace"
"al",7,"peace"
"arin",6,"peace"
"marian",5,"peace"
"scren",5,"peace"
"theyre",5,"peace"
"fine",4,"peace"
"game",4,"peace"
"liquorose",4,"peace"
"neds",4,"peace"
"saga",4,"peace"
"stil",4,"peace"
"begin",3,"peace"
"bn",3,"peace"
"bnaijia",3,"peace"
"clean",3,"peace"
"diference",3,"peace"
"eyes",3,"peace"
"folow",3,"peace"
"gosiping",3,"peace"
"option",3,"peace"
"peaceogor",3,"peace"
"tv",3,"peace"
"wel",3,"peace"
"wondering",3,"peace"
"princes",25,"princess"
"bnaija",19,"princess"
"maria",8,"princess"
"tega",7,"princess"
"house",5,"princess"
"lowkey",4,"princess"
"emanuel",3,"princess"
"sha",3,"princess"
"abeg",2,"princess"
"barely",2,"princess"
"expresions",2,"princess"
"facial",2,"princess"
"females",2,"princess"
"friends",2,"princess"
"fuk",2,"princess"
"ghost",2,"princess"
"home",2,"princess"
"housemateshe",2,"princess"
"htpstcojsepslfp",2,"princess"
"laughing",2,"princess"
"likes",2,"princess"
"lips",2,"princess"
"liquorose",2,"princess"
"lr",2,"princess"
"page",2,"princess"
"remain",2,"princess"
"rose",2,"princess"
"speaks",2,"princess"
"staresbnaija",2,"princess"
"talk",2,"princess"
"truth",2,"princess"
"win",2,"princess"
"saga",88,"saga"
"bnaija",71,"saga"
"nini",13,"saga"
"husband",12,"saga"
"reacts",11,"saga"
"sagadeolu",11,"saga"
"sagas",10,"saga"
"tegas",9,"saga"
"video",8,"saga"
"folow",7,"saga"
"maria",7,"saga"
"twiter",7,"saga"
"breast",6,"saga"
"live",6,"saga"
"pere",6,"saga"
"socials",6,"saga"
"abeg",5,"saga"
"house",5,"saga"
"instagram",5,"saga"
"sucking",5,"saga"
"samie",44,"sammie"
"bnaija",35,"sammie"
"angel",14,"sammie"
"pere",8,"sammie"
"bnaijia",6,"sammie"
"liquorose",6,"sammie"
"maria",6,"sammie"
"shipers",5,"sammie"
"tel",4,"sammie"
"al",3,"sammie"
"beatrice",3,"sammie"
"beter",3,"sammie"
"disapoint",3,"sammie"
"doesnt",3,"sammie"
"emanuel",3,"sammie"
"god",3,"sammie"
"im",3,"sammie"
"love",3,"sammie"
"money",3,"sammie"
"ship",3,"sammie"
"weks",3,"sammie"
"saskay",50,"saskay"
"bnaija",43,"saskay"
"yousef",17,"saskay"
"sasforce",10,"saskay"
"saskayornothing",8,"saskay"
"girl",7,"saskay"
"bnaijashineyaeyes",6,"saskay"
"saskayourspec",6,"saskay"
"wil",6,"saskay"
"enodeysour",5,"saskay"
"loking",5,"saskay"
"beautiful",4,"saskay"
"beauty",4,"saskay"
"dont",4,"saskay"
"hash",4,"saskay"
"lai",4,"saskay"
"morning",4,"saskay"
"al",3,"saskay"
"arin",3,"saskay"
"bnaijia",3,"saskay"
"god",3,"saskay"
"havent",3,"saskay"
"im",3,"saskay"
"lol",3,"saskay"
"nini",3,"saskay"
"periodt",3,"saskay"
"saskays",3,"saskay"
"se",3,"saskay"
"shes",3,"saskay"
"tag",3,"saskay"
"yesterday",3,"saskay"
"bnaija",60,"tega"
"tega",49,"tega"
"maria",30,"tega"
"tegas",26,"tega"
"husband",20,"tega"
"reacts",14,"tega"
"saga",13,"tega"
"pere",11,"tega"
"breast",8,"tega"
"liquorose",8,"tega"
"live",8,"tega"
"princes",8,"tega"
"video",8,"tega"
"se",7,"tega"
"tv",7,"tega"
"housemate",6,"tega"
"male",5,"tega"
"sucking",5,"tega"
"wil",5,"tega"
"bbnaija",4,"tega"
"cros",4,"tega"
"dare",4,"tega"
"hernple",4,"tega"
"isnt",4,"tega"
"kis",4,"tega"
"skin",4,"tega"
"truth",4,"tega"
"whitemoney",599,"whitemoney"
"bnaija",409,"whitemoney"
"maria",232,"whitemoney"
"vote",87,"whitemoney"
"pere",66,"whitemoney"
"al",48,"whitemoney"
"house",36,"whitemoney"
"voting",34,"whitemoney"
"bnaijashineyaeye",32,"whitemoney"
"bnaijia",31,"whitemoney"
"dont",30,"whitemoney"
"itswhitemoney",30,"whitemoney"
"wil",30,"whitemoney"
"abeg",28,"whitemoney"
"people",27,"whitemoney"
"saga",26,"whitemoney"
"amp",25,"whitemoney"
"god",25,"whitemoney"
"money",24,"whitemoney"
"cros",23,"whitemoney"
"dey",23,"whitemoney"
"talk",23,"whitemoney"
"maria",1033,"maria"
"bnaija",619,"maria"
"pere",291,"maria"
"whitemoney",213,"maria"
"liquorose",101,"maria"
"wil",79,"maria"
"dont",75,"maria"
"al",68,"maria"
"love",67,"maria"
"likes",64,"maria"
"house",54,"maria"
"white",50,"maria"
"people",46,"maria"
"money",45,"maria"
"im",44,"maria"
"beatrice",43,"maria"
"talk",43,"maria"
"realy",41,"maria"
"se",40,"maria"
"shes",40,"maria"
"pere",488,"pere"
"bnaija",309,"pere"
"maria",300,"pere"
"whitemoney",64,"pere"
"beatrice",48,"pere"
"wil",48,"pere"
"likes",40,"pere"
"liquorose",39,"pere"
"dont",38,"pere"
"yerins",34,"pere"
"cros",29,"pere"
"house",27,"pere"
"al",25,"pere"
"peres",25,"pere"
"emanuel",24,"pere"
"jealous",23,"pere"
"love",23,"pere"
"ship",23,"pere"
"people",22,"pere"
"realy",20,"pere"
"niyi",77,"niyi"
"bnaija",51,"niyi"
"bigie",23,"niyi"
"nini",20,"niyi"
"brother",16,"niyi"
"helo",12,"niyi"
"diary",8,"niyi"
"rom",7,"niyi"
"bnaijia",6,"niyi"
"confusing",6,"niyi"
"heard",6,"niyi"
"housemates",6,"niyi"
"beatrice",5,"niyi"
"house",5,"niyi"
"sha",5,"niyi"
"yerins",5,"niyi"
"bnajia",4,"niyi"
"cal",4,"niyi"
"caled",4,"niyi"
"dey",4,"niyi"
"eviction",4,"niyi"
"na",4,"niyi"
"names",4,"niyi"
"angel",132,"angel"
"bnaija",98,"angel"
"maria",33,"angel"
"cros",19,"angel"
"liquorose",17,"angel"
"folow",14,"angel"
"ship",14,"angel"
"angels",13,"angel"
"emanuel",13,"angel"
"beatrice",12,"angel"
"bnaijia",12,"angel"
"mum",12,"angel"
"pere",12,"angel"
"whitemoney",11,"angel"
"se",10,"angel"
"samie",9,"angel"
"bnaijashineyaeye",8,"angel"
"god",8,"angel"
"wil",8,"angel"
"yousef",8,"angel"
"bnaija",70,"arin"
"arin",53,"arin"
"wearing",21,"arin"
"maria",15,"arin"
"nini",14,"arin"
"liquorose",13,"arin"
"na",11,"arin"
"beatrice",10,"arin"
"giving",10,"arin"
"pere",10,"arin"
"sharing",8,"arin"
"house",7,"arin"
"jackie",7,"arin"
"peace",7,"arin"
"shes",7,"arin"
"whitemoney",7,"arin"
"yousef",7,"arin"
"ben",6,"arin"
"bnaijashineyaeyes",6,"arin"
"gosip",6,"arin"
"leave",6,"arin"
"saga",6,"arin"
"shades",6,"arin"
"thearinolao",6,"arin"
"boma",36,"boma"
"bnaija",30,"boma"
"jackie",10,"boma"
"braveheas",8,"boma"
"house",7,"boma"
"wil",7,"boma"
"bomas",6,"boma"
"nini",6,"boma"
"guy",5,"boma"
"head",5,"boma"
"angel",4,"boma"
"cros",3,"boma"
"didnt",3,"boma"
"god",3,"boma"
"hoh",3,"boma"
"teamboma",3,"boma"
"agemate",2,"boma"
"amp",2,"boma"
"angels",2,"boma"
"believes",2,"boma"
"betwen",2,"boma"
"bigest",2,"boma"
"bn",2,"boma"
"canceled",2,"boma"
"chiled",2,"boma"
"chose",2,"boma"
"col",2,"boma"
"day",2,"boma"
"deputy",2,"boma"
"diference",2,"boma"
"focused",2,"boma"
"hes",2,"boma"
"hope",2,"boma"
"housemate",2,"boma"
"htpstcokndhvzis",2,"boma"
"hu",2,"boma"
"inteligent",2,"boma"
"job",2,"boma"
"kep",2,"boma"
"kingbonzy",2,"boma"
"leson",2,"boma"
"likes",2,"boma"
"listen",2,"boma"
"lot",2,"boma"
"love",2,"boma"
"manlikeicey",2,"boma"
"maria",2,"boma"
"mom",2,"boma"
"money",2,"boma"
"peace",2,"boma"
"pere",2,"boma"
"peres",2,"boma"
"person",2,"boma"
"realy",2,"boma"
"sma",2,"boma"
"talk",2,"boma"
"tonight",2,"boma"
"topic",2,"boma"
"trust",2,"boma"
"tundeednut",2,"boma"
"voting",2,"boma"
"wait",2,"boma"
"white",2,"boma"
"wont",2,"boma"
"beatrice",207,"beatrice"
"bnaija",118,"beatrice"
"pere",50,"beatrice"
"maria",46,"beatrice"
"vote",30,"beatrice"
"save",19,"beatrice"
"kising",18,"beatrice"
"al",17,"beatrice"
"shes",16,"beatrice"
"kised",15,"beatrice"
"wil",15,"beatrice"
"house",14,"beatrice"
"whitemoney",13,"beatrice"
"game",11,"beatrice"
"jealous",11,"beatrice"
"girl",10,"beatrice"
"kis",10,"beatrice"
"liquorose",10,"beatrice"
"amp",9,"beatrice"
"angel",9,"beatrice"
"arin",9,"beatrice"
"body",9,"beatrice"
"disrespected",9,"beatrice"
"cros",515,"cross"
"bnaija",412,"cross"
"maria",56,"cross"
"love",45,"cross"
"bigie",38,"cross"
"brother",38,"cross"
"guy",34,"cross"
"hes",28,"cross"
"tel",28,"cross"
"pere",27,"cross"
"na",26,"cross"
"se",25,"cross"
"atention",24,"cross"
"bbnaija",24,"cross"
"yousef",24,"cross"
"angel",22,"cross"
"hapy",22,"cross"
"diary",21,"cross"
"likes",21,"cross"
"whitemoney",21,"cross"
"emanuel",143,"emmanuel"
"bnaija",76,"emmanuel"
"liquorose",67,"emmanuel"
"maria",43,"emmanuel"
"pere",23,"emmanuel"
"wil",22,"emmanuel"
"angel",19,"emmanuel"
"likes",15,"emmanuel"
"emanuels",14,"emmanuel"
"dont",12,"emmanuel"
"cros",11,"emmanuel"
"game",10,"emmanuel"
"head",10,"emmanuel"
"don",9,"emmanuel"
"nomination",9,"emmanuel"
"stil",9,"emmanuel"
"al",8,"emmanuel"
"aply",8,"emmanuel"
"emarose",8,"emmanuel"
"presure",8,"emmanuel"
"ship",8,"emmanuel"
"bnaija",85,"jackie"
"jackie",84,"jackie"
"wig",32,"jackie"
"jackies",11,"jackie"
"boma",10,"jackie"
"head",10,"jackie"
"house",10,"jackie"
"bs",7,"jackie"
"wil",7,"jackie"
"brother",6,"jackie"
"game",6,"jackie"
"se",6,"jackie"
"whats",6,"jackie"
"ben",5,"jackie"
"dey",5,"jackie"
"realjackiebent",5,"jackie"
"staed",5,"jackie"
"bbnaija",4,"jackie"
"begining",4,"jackie"
"boring",4,"jackie"
"chose",4,"jackie"
"deputy",4,"jackie"
"emanuel",4,"jackie"
"folow",4,"jackie"
"glases",4,"jackie"
"jackieb",4,"jackie"
"maria",4,"jackie"
"pls",4,"jackie"
"schol",4,"jackie"
"teacher",4,"jackie"
"wearing",4,"jackie"
"liquorose",442,"liquorose"
"bnaija",345,"liquorose"
"focusonliquorose",111,"liquorose"
"maria",110,"liquorose"
"emanuel",58,"liquorose"
"pere",48,"liquorose"
"love",27,"liquorose"
"yerins",26,"liquorose"
"house",24,"liquorose"
"whitemoney",24,"liquorose"
"wil",24,"liquorose"
"bnaijia",23,"liquorose"
"dont",23,"liquorose"
"nominate",20,"liquorose"
"girl",19,"liquorose"
"se",19,"liquorose"
"realy",18,"liquorose"
"rosearmy",18,"liquorose"
"folow",17,"liquorose"
"goyalaura",17,"liquorose"
"jaypaul",5,"jaypaul"
"nominated",2,"jaypaul"
"teamjaypaul",2,"jaypaul"
"wildcard",2,"jaypaul"
"bbnaija",1,"jaypaul"
"beating",1,"jaypaul"
"bigbrothe",1,"jaypaul"
"bnaija",1,"jaypaul"
"bnaijashineyaeyes",1,"jaypaul"
"bnajia",1,"jaypaul"
"charges",1,"jaypaul"
"crying",1,"jaypaul"
"dont",1,"jaypaul"
"emanuel",1,"jaypaul"
"eviction",1,"jaypaul"
"flamez",1,"jaypaul"
"fredric",1,"jaypaul"
"game",1,"jaypaul"
"guy",1,"jaypaul"
"hes",1,"jaypaul"
"htpstcorydsjjgsy",1,"jaypaul"
"iamkarchies",1,"jaypaul"
"jaypaulmrflamez",1,"jaypaul"
"kaybanty",1,"jaypaul"
"maria",1,"jaypaul"
"nomination",1,"jaypaul"
"pere",1,"jaypaul"
"posible",1,"jaypaul"
"told",1,"jaypaul"
"understand",1,"jaypaul"
"usmanashafe",1,"jaypaul"
"whitemoney",1,"jaypaul"
"yesterday",1,"jaypaul"
"nini",133,"nini"
"bnaija",98,"nini"
"niyi",29,"nini"
"bigie",22,"nini"
"maria",16,"nini"
"diary",15,"nini"
"arin",14,"nini"
"ninis",13,"nini"
"saga",13,"nini"
"rom",10,"nini"
"danywalter",9,"nini"
"housemates",9,"nini"
"htpstcojezgmoicw",9,"nini"
"link",9,"nini"
"niniknights",9,"nini"
"peace",9,"nini"
"retwet",9,"nini"
"whatsap",9,"nini"
"wil",8,"nini"
"al",7,"nini"
"baby",7,"nini"
"dey",7,"nini"
"didnt",7,"nini"
"girl",7,"nini"
"house",7,"nini"
"people",7,"nini"
"pere",7,"nini"
"talk",7,"nini"
"peace",27,"peace"
"bnaija",21,"peace"
"maria",9,"peace"
"nini",9,"peace"
"amp",7,"peace"
"arin",7,"peace"
"whitemoney",7,"peace"
"liquorose",5,"peace"
"saga",5,"peace"
"se",5,"peace"
"dont",4,"peace"
"angel",3,"peace"
"bad",3,"peace"
"cros",3,"peace"
"dey",3,"peace"
"doesnt",3,"peace"
"energy",3,"peace"
"game",3,"peace"
"leave",3,"peace"
"manlikeicey",3,"peace"
"mind",3,"peace"
"pere",3,"peace"
"theyre",3,"peace"
"wel",3,"peace"
"wil",3,"peace"
"wild",3,"peace"
"princes",9,"princess"
"bnaija",8,"princess"
"al",2,"princess"
"liquorose",2,"princess"
"maria",2,"princess"
"vipe",2,"princess"
"arin",1,"princess"
"beatrice",1,"princess"
"bnaijashineyaeye",1,"princess"
"bored",1,"princess"
"emanuel",1,"princess"
"focusonliquorose",1,"princess"
"follmao",1,"princess"
"friends",1,"princess"
"guy",1,"princess"
"guys",1,"princess"
"home",1,"princess"
"house",1,"princess"
"htpstcogkqlvlgmr",1,"princess"
"itssasyl",1,"princess"
"kitchen",1,"princess"
"likes",1,"princess"
"love",1,"princess"
"lowkey",1,"princess"
"lr",1,"princess"
"na",1,"princess"
"phayeda",1,"princess"
"realalhasan",1,"princess"
"remain",1,"princess"
"strategy",1,"princess"
"talking",1,"princess"
"tega",1,"princess"
"wait",1,"princess"
"win",1,"princess"
"saga",423,"saga"
"bnaija",371,"saga"
"sagas",52,"saga"
"sagadeolu",51,"saga"
"oil",45,"saga"
"wel",32,"saga"
"maria",31,"saga"
"talk",31,"saga"
"al",29,"saga"
"whitemoney",29,"saga"
"inteligent",26,"saga"
"yerins",25,"saga"
"love",24,"saga"
"wil",24,"saga"
"folow",23,"saga"
"sagangsaga",23,"saga"
"gas",22,"saga"
"bnaijashineyaeye",21,"saga"
"socials",21,"saga"
"twiter",21,"saga"
"samie",33,"sammie"
"bnaija",19,"sammie"
"pere",9,"sammie"
"angel",7,"sammie"
"dey",5,"sammie"
"al",4,"sammie"
"slep",4,"sammie"
"slept",4,"sammie"
"yerins",4,"sammie"
"beatrice",3,"sammie"
"folow",3,"sammie"
"guy",3,"sammie"
"liquorose",3,"sammie"
"maria",3,"sammie"
"money",3,"sammie"
"neds",3,"sammie"
"amidst",2,"sammie"
"atracted",2,"sammie"
"bnaijia",2,"sammie"
"chest",2,"sammie"
"corner",2,"sammie"
"disapoint",2,"sammie"
"doesnt",2,"sammie"
"don",2,"sammie"
"dont",2,"sammie"
"explain",2,"sammie"
"fakest",2,"sammie"
"filed",2,"sammie"
"ful",2,"sammie"
"historyangel",2,"sammie"
"lecture",2,"sammie"
"na",2,"sammie"
"pas",2,"sammie"
"project",2,"sammie"
"sexualy",2,"sammie"
"shes",2,"sammie"
"ship",2,"sammie"
"shipers",2,"sammie"
"slek",2,"sammie"
"stay",2,"sammie"
"straight",2,"sammie"
"table",2,"sammie"
"talk",2,"sammie"
"theyre",2,"sammie"
"una",2,"sammie"
"uni",2,"sammie"
"vibe",2,"sammie"
"wake",2,"sammie"
"whats",2,"sammie"
"white",2,"sammie"
"yaris",2,"sammie"
"saskay",43,"saskay"
"bnaija",42,"saskay"
"yousef",15,"saskay"
"sasforce",11,"saskay"
"saskayornothing",9,"saskay"
"wil",8,"saskay"
"se",6,"saskay"
"girl",5,"saskay"
"beauty",4,"saskay"
"god",4,"saskay"
"lol",4,"saskay"
"morning",4,"saskay"
"saskayourspec",4,"saskay"
"saskays",4,"saskay"
"yal",4,"saskay"
"al",3,"saskay"
"beatrice",3,"saskay"
"beautiful",3,"saskay"
"bnaijashineyaeyes",3,"saskay"
"dont",3,"saskay"
"enodeysour",3,"saskay"
"im",3,"saskay"
"money",3,"saskay"
"quen",3,"saskay"
"shes",3,"saskay"
"video",3,"saskay"
"bnaija",13,"tega"
"tega",12,"tega"
"maria",8,"tega"
"pere",6,"tega"
"liquorose",4,"tega"
"love",3,"tega"
"tegas",3,"tega"
"aint",2,"tega"
"chance",2,"tega"
"concerned",2,"tega"
"husband",2,"tega"
"isnt",2,"tega"
"jealous",2,"tega"
"kis",2,"tega"
"likes",2,"tega"
"pls",2,"tega"
"saga",2,"tega"
"thecutegalore",2,"tega"
"asweargad",1,"tega"
"beatrice",1,"tega"
"blackjed",1,"tega"
"brain",1,"tega"
"bzingers",1,"tega"
"care",1,"tega"
"comunication",1,"tega"
"contact",1,"tega"
"content",1,"tega"
"cracylyn",1,"tega"
"cruise",1,"tega"
"cruize",1,"tega"
"dah",1,"tega"
"dare",1,"tega"
"doesnt",1,"tega"
"dont",1,"tega"
"ebuka",1,"tega"
"expresions",1,"tega"
"eye",1,"tega"
"facial",1,"tega"
"feast",1,"tega"
"focused",1,"tega"
"game",1,"tega"
"gistloversblog",1,"tega"
"guy",1,"tega"
"guys",1,"tega"
"hear",1,"tega"
"hes",1,"tega"
"htpstcoozqxjqboa",1,"tega"
"im",1,"tega"
"itstegadominic",1,"tega"
"jealousy",1,"tega"
"juicy",1,"tega"
"kayodeslawyer",1,"tega"
"kitchen",1,"tega"
"laugh",1,"tega"
"leave",1,"tega"
"milk",1,"tega"
"monitoring",1,"tega"
"mountain",1,"tega"
"mvp",1,"tega"
"na",1,"tega"
"ned",1,"tega"
"nini",1,"tega"
"niple",1,"tega"
"oegashimy",1,"tega"
"oxytocin",1,"tega"
"pan",1,"tega"
"play",1,"tega"
"playing",1,"tega"
"princes",1,"tega"
"produces",1,"tega"
"pure",1,"tega"
"quen",1,"tega"
"quiet",1,"tega"
"realest",1,"tega"
"scale",1,"tega"
"se",1,"tega"
"shake",1,"tega"
"shes",1,"tega"
"slap",1,"tega"
"sm",1,"tega"
"stimulate",1,"tega"
"stunt",1,"tega"
"sunday",1,"tega"
"talking",1,"tega"
"thebibs",1,"tega"
"tune",1,"tega"
"ur",1,"tega"
"wel",1,"tega"
