"time","n"
"11 am",1
"16 pm",1
"19 pm",1
"20 pm",1
"21 pm",64
"NA NA",14
"11 am",1
"16 pm",1
"19 pm",1
"20 pm",1
"21 pm",353
"NA NA",14
"11 am",1
"16 pm",1
"19 pm",1
"20 pm",1
"21 pm",353
"NA NA",14
"11 am",1
"16 pm",1
"19 pm",1
"20 pm",1
"21 pm",627
"NA NA",16
"11 am",1
"16 pm",1
"19 pm",1
"20 pm",1
"21 pm",826
"22 pm",185
"NA NA",17
"11 am",1
"16 pm",1
"19 pm",1
"20 pm",1
"21 pm",826
"22 pm",335
"NA NA",17
"11 am",1
"16 pm",1
"19 pm",1
"20 pm",1
"21 pm",826
"22 pm",335
"NA NA",17
"11 am",1
"16 pm",1
"19 pm",1
"20 pm",1
"21 pm",826
"22 pm",482
"23 pm",110
"NA NA",292
"11 am",1
"16 pm",1
"19 pm",1
"20 pm",1
"21 pm",826
"22 pm",482
"23 pm",182
"NA NA",360
"11 am",1
"16 pm",1
"19 pm",1
"20 pm",1
"21 pm",826
"22 pm",482
"23 pm",250
"NA NA",555
"0 am",133
"0 am",133
"1 am",72
"0 am",133
"1 am",72
"2 am",73
"0 am",133
"1 am",72
"2 am",139
"3 am",60
"NA NA",196
"0 am",133
"1 am",72
"2 am",139
"3 am",160
"4 am",39
"NA NA",197
"0 am",133
"1 am",72
"2 am",139
"3 am",160
"4 am",97
"NA NA",197
"0 am",133
"1 am",72
"2 am",139
"3 am",160
"4 am",97
"5 am",48
"NA NA",197
"0 am",133
"1 am",72
"2 am",139
"3 am",160
"4 am",97
"5 am",111
"NA NA",197
"0 am",133
"1 am",72
"2 am",139
"3 am",160
"4 am",97
"5 am",150
"NA NA",197
"0 am",133
"1 am",72
"2 am",139
"3 am",160
"4 am",97
"5 am",207
"6 am",57
"NA NA",198
"0 am",133
"1 am",72
"2 am",139
"3 am",160
"4 am",97
"5 am",207
"6 am",115
"NA NA",200
"0 am",133
"1 am",72
"2 am",139
"3 am",160
"4 am",97
"5 am",207
"6 am",115
"7 am",57
"NA NA",201
"0 am",133
"1 am",72
"2 am",139
"3 am",160
"4 am",97
"5 am",207
"6 am",115
"7 am",133
"NA NA",201
"0 am",133
"1 am",72
"2 am",139
"3 am",160
"4 am",97
"5 am",207
"6 am",115
"7 am",195
"NA NA",201
"0 am",133
"1 am",72
"2 am",139
"3 am",160
"4 am",97
"5 am",207
"6 am",115
"7 am",278
"8 am",64
"NA NA",201
<<<<<<< HEAD
"8 am",152
"NA NA",74
"8 am",152
"NA NA",74
=======
"0 am",133
"1 am",72
"2 am",139
"3 am",160
"4 am",97
"5 am",207
"6 am",115
"7 am",278
"8 am",160
"NA NA",272
>>>>>>> 75b8ea1112bf86c74c6831fb27867113166175ab
"9 am",116
"9 am",143
"9 am",143
"10 am",128
"10 am",160
"NA NA",123
"11 am",158
"NA NA",101
"11 am",148
"NA NA",222
"11 am",136
"NA NA",154
"12 pm",183
"12 pm",166
"13 pm",139
"13 pm",131
"14 pm",122
"14 pm",122
"14 pm",134
"15 pm",144
"15 pm",133
"NA NA",131
"16 pm",121
"NA NA",3
"16 pm",52
"17 pm",76
"17 pm",157
"17 pm",165
"NA NA",140
"18 pm",539
"NA NA",3
"18 pm",589
"NA NA",101
"19 pm",481
"NA NA",297
"19 pm",545
"NA NA",5
"19 pm",460
"NA NA",126
"20 pm",425
"NA NA",105
"20 pm",218
"NA NA",329
"20 pm",329
"NA NA",2
"21 pm",264
"NA NA",292
"21 pm",302
"21 pm",302
"22 pm",293
"22 pm",298
"NA NA",227
"22 pm",298
"NA NA",227
"23 pm",250
"NA NA",135
"23 pm",330
"NA NA",101
"23 pm",256
"NA NA",85
"0 am",187
"NA NA",166
"1 am",158
"2 am",106
"3 am",109
"3 am",113
"4 am",73
"NA NA",40
"4 am",96
"5 am",100
"5 am",120
"5 am",118
"6 am",115
"6 am",130
"7 am",72
"NA NA",415
"7 am",136
"7 am",117
"NA NA",2
"8 am",151
"8 am",129
"NA NA",2
"9 am",147
"10 am",159
"10 am",145
"11 am",144
"11 am",178
"11 am",178
"12 pm",175
"NA NA",2
"12 pm",1
"13 pm",189
"13 pm",171
"13 pm",194
"14 pm",191
"NA NA",2
"14 pm",169
"NA NA",2
"14 pm",201
"NA NA",111
"15 pm",124
"NA NA",102
"16 pm",115
"NA NA",279
"17 pm",164
"17 pm",164
"NA NA",4
"18 pm",242
"18 pm",193
"19 pm",195
"NA NA",108
"19 pm",161
"19 pm",175
"NA NA",192
"20 pm",161
"NA NA",179
"20 pm",167
"21 pm",178
"21 pm",167
"NA NA",149
"21 pm",167
"NA NA",149
"22 pm",151
"NA NA",160
"22 pm",139
"23 pm",127
"0 am",117
"NA NA",2
"2 am",77
"NA NA",75
"2 am",89
"NA NA",72
"2 am",67
"NA NA",30
"3 am",92
"4 am",104
"4 am",97
"NA NA",2
"5 am",92
"NA NA",2
"5 am",92
"NA NA",2
"5 am",116
"6 am",106
"6 am",92
"7 am",91
"NA NA",2
"7 am",102
"NA NA",2
"7 am",89
"NA NA",425
"8 am",109
"8 am",128
"NA NA",2
"9 am",131
"NA NA",142
"10 am",140
"10 am",126
"11 am",182
"11 am",146
"11 am",146
"12 pm",212
"NA NA",168
"12 pm",40
"13 pm",130
"13 pm",145
"NA NA",151
"13 pm",144
"NA NA",143
"14 pm",135
"14 pm",165
"NA NA",2
"14 pm",1432
"15 pm",1988
"13 pm",436
"14 pm",2850
"15 pm",2954
"14 pm",2310
"15 pm",2824
"16 pm",772
"14 pm",194
"15 pm",2644
"16 pm",2146
"17 pm",178
"15 pm",1187
"16 pm",1939
"17 pm",1584
"15 pm",524
"16 pm",1896
"17 pm",2377
"16 pm",1323
"17 pm",2666
"18 pm",1171
"17 pm",2391
"18 pm",3040
"17 pm",1670
"18 pm",3913
"17 pm",934
"18 pm",4035
"19 pm",829
"17 pm",253
"18 pm",3919
"19 pm",1534
"18 pm",3327
"19 pm",2235
"18 pm",2561
"19 pm",2910
"18 pm",1203
"19 pm",3298
"20 pm",918
"18 pm",276
"19 pm",3202
"20 pm",1917
"19 pm",2710
"20 pm",2675
"19 pm",1827
"20 pm",3795
"19 pm",850
"20 pm",3809
"21 pm",1282
"20 pm",3217
"21 pm",3137
"20 pm",2607
"21 pm",3818
"20 pm",531
"21 pm",4672
"22 pm",832
"21 pm",3980
"22 pm",1815
"21 pm",3208
"22 pm",2384
"21 pm",1884
"22 pm",2805
"23 pm",726
"21 pm",1157
"22 pm",2703
"23 pm",1569
"21 pm",680
"22 pm",2657
"23 pm",2182
"21 pm",147
"22 pm",2640
"23 pm",2950
"0 am",2638
"22 pm",895
"23 pm",3003
"0 am",3835
"1 am",2646
"23 pm",331
"0 am",3210
"1 am",2763
"2 am",837
"0 am",2951
"1 am",2727
"2 am",1154
"0 am",2354
"1 am",2693
"2 am",1308
"3 am",373
"0 am",1930
"1 am",2683
"2 am",1281
"3 am",813
"0 am",1449
"1 am",2661
"2 am",1253
"3 am",1018
"4 am",196
"0 am",1197
"1 am",2646
"2 am",1230
"3 am",988
"4 am",470
"0 am",1057
"1 am",2635
"2 am",1216
"3 am",968
"4 am",619
"0 am",911
"1 am",2632
"2 am",1202
"3 am",957
"4 am",576
"5 am",143
"0 am",806
"1 am",2626
"2 am",1191
"3 am",952
"4 am",554
"5 am",242
"0 am",684
"1 am",2620
"2 am",1187
"3 am",947
"4 am",539
"5 am",351
"0 am",491
"1 am",2610
"2 am",1179
"3 am",939
"4 am",516
"5 am",508
"0 am",69
"1 am",2597
"2 am",1159
"3 am",929
"4 am",498
"5 am",509
"6 am",321
"1 am",2165
"2 am",1147
"3 am",918
"4 am",476
"5 am",463
"6 am",814
"1 am",1690
"2 am",1139
"3 am",910
"4 am",468
"5 am",440
"6 am",1155
"1 am",1082
"2 am",1134
"3 am",903
"4 am",463
"5 am",424
"6 am",1027
"7 am",533
"1 am",615
"2 am",1132
"3 am",894
"4 am",463
"5 am",418
"6 am",988
"7 am",837
"1 am",345
"2 am",1127
"3 am",889
"4 am",456
"5 am",411
"6 am",963
"7 am",1049
"2 am",722
"3 am",885
"4 am",446
"5 am",399
"6 am",936
"7 am",1490
"3 am",500
"4 am",433
"5 am",387
"6 am",905
"7 am",1516
"8 am",611
"5 am",265
"6 am",879
"7 am",1415
"8 am",1482
"6 am",473
"7 am",1367
"8 am",2139
"7 am",875
"8 am",2264
"9 am",944
"7 am",331
"8 am",2178
"9 am",1902
"8 am",1992
"9 am",2501
"10 am",676
"8 am",1367
"9 am",2598
"10 am",1643
"8 am",407
"9 am",2462
"10 am",2419
"9 am",2013
"10 am",2413
"11 am",828
"9 am",1142
"10 am",2282
"11 am",1633
"9 am",496
"10 am",2243
"11 am",2014
"9 am",110
"10 am",1717
"11 am",2672
"10 am",576
"11 am",2998
"12 pm",1534
"11 am",2140
"12 pm",2835
"13 pm",283
"11 am",971
"12 pm",2590
"13 pm",1819
"11 am",445
"12 pm",2543
"13 pm",2318
"12 pm",2189
"13 pm",2321
"14 pm",594
"12 pm",1626
"13 pm",2202
"14 pm",1126
"12 pm",1289
"13 pm",2149
"14 pm",1500
"12 pm",827
"13 pm",2109
"14 pm",2017
"12 pm",198
"13 pm",2069
"14 pm",2139
"15 pm",636
"13 pm",1712
"14 pm",2026
"15 pm",1428
"13 pm",1251
"14 pm",1963
"15 pm",2017
"14 pm",381
"15 pm",1694
"16 pm",3233
"17 pm",532
"15 pm",675
"16 pm",3029
"17 pm",2024
"15 pm",312
"16 pm",2988
"17 pm",2362
"16 pm",2648
"17 pm",2385
"18 pm",568
"16 pm",1703
"17 pm",2220
"18 pm",1559
"16 pm",974
"17 pm",2193
"18 pm",2343
"16 pm",401
"17 pm",2176
"18 pm",2235
"19 pm",620
"17 pm",2077
"18 pm",2157
"19 pm",1096
"17 pm",1458
"18 pm",2100
"19 pm",1677
"17 pm",838
"18 pm",2066
"19 pm",2405
"17 pm",142
"18 pm",2037
"19 pm",2545
"20 pm",683
"18 pm",1660
"19 pm",2466
"20 pm",1516
"18 pm",1348
"19 pm",2436
"20 pm",2076
"19 pm",2234
"20 pm",2887
"21 pm",875
"19 pm",1500
"20 pm",2814
"21 pm",1912
"19 pm",966
"20 pm",2783
"21 pm",2430
"19 pm",363
"20 pm",2746
"21 pm",3014
"20 pm",2559
"21 pm",2911
"22 pm",708
"20 pm",2106
"21 pm",2842
"22 pm",1205
"20 pm",1754
"21 pm",2797
"22 pm",1624
"20 pm",1040
"21 pm",2761
"22 pm",2584
"21 pm",2699
"22 pm",2891
"23 pm",794
"21 pm",1847
"22 pm",2778
"23 pm",1803
"21 pm",1551
"22 pm",2759
"23 pm",2111
"21 pm",1187
"22 pm",2731
"23 pm",2494
"0 am",1041
"21 pm",325
"22 pm",2663
"23 pm",2551
"0 am",1281
"1 am",491
"22 pm",2392
"23 pm",2472
"0 am",1198
"1 am",503
"2 am",132
"22 pm",2290
"23 pm",2389
"0 am",1184
"1 am",474
"2 am",323
"22 pm",2168
"23 pm",2374
"0 am",1177
"1 am",458
"2 am",352
"22 pm",2118
"23 pm",2370
"3 am",51
"0 am",1169
"1 am",451
"2 am",343
"22 pm",2074
"23 pm",2365
"3 am",125
"0 am",1158
"1 am",444
"2 am",332
"22 pm",2021
"23 pm",2354
"3 am",197
"0 am",1211
"1 am",456
"2 am",318
"22 pm",1892
"23 pm",2409
"3 am",218
"4 am",91
"0 am",1201
"1 am",445
"2 am",299
"22 pm",1773
"23 pm",2393
"3 am",197
"4 am",258
"0 am",1198
"1 am",444
"2 am",295
"22 pm",1723
"23 pm",2386
"3 am",185
"4 am",322
"5 am",4
"0 am",1192
"1 am",443
"2 am",283
"22 pm",1653
"23 pm",2381
"3 am",177
"4 am",296
"5 am",120
"0 am",1190
"1 am",440
"2 am",277
"22 pm",1570
"23 pm",2378
"3 am",171
"4 am",280
"5 am",207
"0 am",1188
"1 am",437
"2 am",272
"22 pm",1512
"23 pm",2370
"3 am",167
"4 am",274
"5 am",279
"0 am",1181
"1 am",432
"2 am",268
"22 pm",1400
"23 pm",2360
"3 am",160
"4 am",251
"5 am",424
"0 am",1174
"1 am",419
"2 am",255
"22 pm",1018
"23 pm",2333
"3 am",152
"4 am",234
"5 am",430
"6 am",322
"0 am",1161
"1 am",403
"2 am",247
"22 pm",394
"23 pm",2314
"3 am",147
"4 am",220
"5 am",384
"6 am",866
"0 am",1155
"1 am",399
"2 am",246
"22 pm",39
"23 pm",2310
"3 am",146
"4 am",214
"5 am",371
"6 am",1249
"0 am",1145
"1 am",396
"2 am",238
"23 pm",1508
"3 am",137
"4 am",210
"5 am",358
"6 am",1118
"7 am",594
"0 am",1141
"1 am",396
"2 am",235
"23 pm",1094
"3 am",137
"4 am",204
"5 am",353
"6 am",1077
"7 am",890
"0 am",1141
"1 am",395
"2 am",233
"23 pm",767
"3 am",136
"4 am",202
"5 am",349
"6 am",1058
"7 am",1090
"0 am",1135
"1 am",393
"2 am",230
"23 pm",111
"3 am",134
"4 am",196
"5 am",346
"6 am",1039
"7 am",1543
"0 am",320
"1 am",377
"2 am",192
"3 am",131
"4 am",194
"5 am",336
"6 am",1017
"7 am",1590
"8 am",535
"2 am",18
"3 am",131
"4 am",189
"5 am",326
"6 am",995
"7 am",1503
"8 am",1176
"5 am",255
"6 am",981
"7 am",1481
"8 am",1570
"6 am",503
"7 am",1441
"8 am",1618
"9 am",710
"7 am",1134
"8 am",1538
"9 am",1690
"20 pm",3750
"21 pm",1742
"20 pm",1412
"21 pm",4099
"22 pm",581
"20 pm",166
"21 pm",3912
"22 pm",2366
"21 pm",3476
"22 pm",3001
"21 pm",3140
"22 pm",3301
"21 pm",2709
"22 pm",3405
"23 pm",239
"21 pm",2190
"22 pm",3265
"23 pm",824
"21 pm",2038
"22 pm",3238
"23 pm",983
"21 pm",1815
"22 pm",3205
"23 pm",1205
"0 am",417
"21 pm",1153
"22 pm",3144
"23 pm",1248
"0 am",1288
"1 am",894
"22 pm",2597
"23 pm",1128
"0 am",1224
"1 am",1194
"2 am",360
"22 pm",2009
"23 pm",1089
"0 am",1226
"1 am",1197
"2 am",545
"22 pm",1871
"23 pm",1083
"0 am",1217
"1 am",1176
"2 am",693
"22 pm",1730
"23 pm",1077
"3 am",74
"0 am",1206
"1 am",1162
"2 am",655
"22 pm",1570
"23 pm",1064
"3 am",321
"0 am",1198
"1 am",1153
"2 am",643
"22 pm",1526
"23 pm",1060
"3 am",390
"0 am",1197
"1 am",1150
"2 am",641
"22 pm",1498
"23 pm",1058
"3 am",425
"0 am",1194
"1 am",1144
"2 am",630
"22 pm",1397
"23 pm",1054
"3 am",488
"4 am",53
"0 am",1176
"1 am",1126
"2 am",614
"22 pm",1227
"23 pm",1043
"3 am",447
"4 am",280
"0 am",1167
"1 am",1119
"2 am",603
"22 pm",1124
"23 pm",1042
"3 am",430
"4 am",367
"0 am",1167
"1 am",1115
"2 am",600
"22 pm",1057
"23 pm",1037
"3 am",425
"4 am",363
"5 am",46
"0 am",1160
"1 am",1106
"2 am",584
"22 pm",900
"23 pm",1035
"3 am",405
"4 am",319
"5 am",213
"0 am",1159
"1 am",1101
"2 am",580
"22 pm",843
"23 pm",1030
"3 am",402
"4 am",304
"5 am",284
"0 am",1146
"1 am",1094
"2 am",572
"22 pm",700
"23 pm",1015
"3 am",394
"4 am",286
"5 am",448
"0 am",1144
"1 am",1086
"2 am",566
"22 pm",612
"23 pm",1014
"3 am",388
"4 am",280
"5 am",487
"6 am",75
"0 am",1126
"1 am",1081
"2 am",554
"22 pm",189
"23 pm",1005
"3 am",377
"4 am",264
"5 am",413
"6 am",571
"0 am",1117
"1 am",1074
"2 am",548
"23 pm",886
"3 am",371
"4 am",258
"5 am",392
"6 am",877
"0 am",1111
"1 am",1073
"2 am",543
"23 pm",762
"3 am",369
"4 am",254
"5 am",383
"6 am",885
"7 am",133
"0 am",1102
"1 am",1070
"2 am",541
"23 pm",359
"3 am",356
"4 am",240
"5 am",356
"6 am",777
"7 am",615
"0 am",1098
"1 am",1066
"2 am",537
"23 pm",202
"3 am",356
"4 am",236
"5 am",344
"6 am",758
"7 am",787
"0 am",908
"1 am",1062
"2 am",532
"3 am",349
"4 am",224
"5 am",337
"6 am",722
"7 am",1157
"0 am",216
"1 am",1055
"2 am",530
"3 am",345
"4 am",220
"5 am",330
"6 am",700
"7 am",1355
"8 am",243
"1 am",209
"2 am",528
"3 am",340
"4 am",216
"5 am",321
"6 am",674
"7 am",1211
"8 am",908
"2 am",287
"3 am",338
"4 am",214
"5 am",317
"6 am",666
"7 am",1171
"8 am",1258
"4 am",117
"5 am",313
"6 am",656
"7 am",1126
"8 am",1608
"9 am",185
"6 am",348
"7 am",1081
"8 am",1423
"9 am",1012
"6 am",169
"7 am",1077
"8 am",1404
"9 am",1270
"10 am",227
"7 am",824
"8 am",1357
"9 am",1629
"10 am",962
"7 am",303
"8 am",1324
"9 am",1478
"10 am",1247
"7 am",83
"8 am",1314
"9 am",1449
"10 am",1637
"11 am",165
"8 am",1004
"9 am",1402
"10 am",1480
"11 am",866
"8 am",680
"9 am",1382
"10 am",1447
"11 am",1167
"8 am",500
"9 am",1369
"10 am",1409
"11 am",1982
"8 am",75
"9 am",1353
"10 am",1361
"11 am",2389
"12 pm",626
"9 am",847
"10 am",1077
"11 am",2211
"12 pm",2220
"10 am",420
"11 am",2180
"12 pm",2485
"13 pm",455
"10 am",61
"11 am",2156
"12 pm",2402
"13 pm",914
"11 am",1964
"12 pm",2378
"13 pm",1146
"11 am",1059
"12 pm",2336
"13 pm",1916
"14 pm",258
"11 am",389
"12 pm",2314
"13 pm",1796
"14 pm",913
"11 am",98
"12 pm",2297
"13 pm",1749
"14 pm",1218
"12 pm",2094
"13 pm",1719
"14 pm",1464
"12 pm",1643
"13 pm",1677
"14 pm",1657
"15 pm",159
"12 pm",995
"13 pm",1637
"14 pm",1494
"15 pm",1041
"12 pm",119
"13 pm",1606
"14 pm",1414
"15 pm",1734
"16 pm",369
"13 pm",835
"14 pm",1378
"15 pm",1525
"16 pm",1711
"13 pm",217
"14 pm",1353
"15 pm",1492
"16 pm",1958
"17 pm",315
"14 pm",487
"15 pm",1456
"16 pm",1792
"17 pm",1338
"14 pm",121
"15 pm",1440
"16 pm",1758
"17 pm",1711
"15 pm",879
"16 pm",1720
"17 pm",2038
"18 pm",285
"17 pm",976
"18 pm",5500
"18 pm",6667
"18 pm",4564
"19 pm",1534
"18 pm",1471
"19 pm",4286
"19 pm",6469
"19 pm",5935
"19 pm",3405
"20 pm",1191
"19 pm",1437
"20 pm",3448
"19 pm",695
"20 pm",4386
"20 pm",6104
"20 pm",5738
"21 pm",685
"20 pm",962
"21 pm",5553
"21 pm",6445
"21 pm",6724
"21 pm",5864
"22 pm",1083
"21 pm",1496
"22 pm",5584
"21 pm",125
"22 pm",6844
"22 pm",6860
"22 pm",5769
"23 pm",669
"22 pm",3183
"23 pm",2904
"22 pm",2579
"23 pm",3475
"0 am",799
"22 pm",370
"23 pm",4434
"0 am",2411
"1 am",1564
"23 pm",1839
"0 am",2303
"1 am",2669
"2 am",475
"23 pm",724
"0 am",2251
"1 am",2565
"2 am",1503
"23 pm",88
"0 am",2228
"1 am",2555
"2 am",1670
"0 am",2074
"1 am",2544
"2 am",1734
"3 am",148
"0 am",1800
"1 am",2527
"2 am",1693
"3 am",585
"0 am",1666
"1 am",2518
"2 am",1672
"3 am",790
"0 am",1624
"1 am",2516
"2 am",1669
"3 am",849
"0 am",1500
"1 am",2496
"2 am",1651
"3 am",920
"4 am",85
"0 am",1362
"1 am",2482
"2 am",1627
"3 am",872
"4 am",288
"0 am",1214
"1 am",2468
"2 am",1611
"3 am",846
"4 am",458
"0 am",1158
"1 am",2461
"2 am",1602
"3 am",839
"4 am",480
"5 am",46
"0 am",944
"1 am",2443
"2 am",1586
"3 am",825
"4 am",429
"5 am",276
"0 am",832
"1 am",2433
"2 am",1574
"3 am",821
"4 am",400
"5 am",402
"0 am",682
"1 am",2419
"2 am",1565
"3 am",815
"4 am",376
"5 am",566
"0 am",482
"1 am",2409
"2 am",1553
"3 am",798
"4 am",346
"5 am",663
"6 am",126
"0 am",22
"1 am",2396
"2 am",1525
"3 am",776
"4 am",309
"5 am",553
"6 am",609
"1 am",1809
"2 am",1513
"3 am",764
"4 am",298
"5 am",518
"6 am",927
"1 am",1528
"2 am",1508
"3 am",760
"4 am",292
"5 am",505
"6 am",915
"7 am",136
"1 am",968
"2 am",1500
"3 am",751
"4 am",288
"5 am",491
"6 am",782
"7 am",493
"1 am",809
"2 am",1493
"3 am",746
"4 am",288
"5 am",487
"6 am",758
"7 am",608
"1 am",310
"2 am",1487
"3 am",744
"4 am",282
"5 am",477
"6 am",715
"7 am",848
"2 am",1098
"3 am",737
"4 am",278
"5 am",473
"6 am",692
"7 am",946
"8 am",212
"2 am",80
"3 am",732
"4 am",277
"5 am",459
"6 am",659
"7 am",829
"8 am",991
"3 am",567
"4 am",274
"5 am",453
"6 am",650
"7 am",806
"8 am",1177
"4 am",134
"5 am",444
"6 am",637
"7 am",743
"8 am",1537
"9 am",169
"6 am",509
"7 am",715
"8 am",1356
"9 am",989
"6 am",187
"7 am",705
"8 am",1319
"9 am",1455
"10 am",306
"7 am",303
"8 am",1263
"9 am",2361
"10 am",1591
"8 am",838
"9 am",2171
"10 am",2080
"8 am",481
"9 am",2119
"10 am",2647
"11 am",340
"9 am",1833
"10 am",2490
"11 am",1047
"9 am",1430
"10 am",2445
"11 am",1371
"9 am",1178
"10 am",2346
"11 am",1971
"9 am",655
"10 am",2304
"11 am",2105
"12 pm",303
"9 am",210
"10 am",1358
"11 am",1914
"12 pm",1751
"10 am",286
"11 am",1860
"12 pm",2912
"13 pm",611
"11 am",1161
"12 pm",2693
"13 pm",1868
"11 am",809
"12 pm",2657
"13 pm",2309
"11 am",569
"12 pm",2632
"13 pm",2574
"11 am",46
"12 pm",2593
"13 pm",2881
"14 pm",169
"12 pm",2190
"13 pm",2724
"14 pm",797
"12 pm",1955
"13 pm",2683
"14 pm",1062
"12 pm",1370
"13 pm",2614
"14 pm",1725
"12 pm",837
"13 pm",2576
"14 pm",2020
"15 pm",171
"13 pm",2268
"14 pm",1838
"15 pm",1464
"13 pm",1554
"14 pm",1778
"15 pm",2345
"13 pm",992
"14 pm",1748
"15 pm",2618
"16 pm",302
"14 pm",1064
"15 pm",2435
"16 pm",2924
"15 pm",2311
"16 pm",4126
"17 pm",342
"15 pm",998
"16 pm",3921
"17 pm",1528
"15 pm",463
"16 pm",3873
"17 pm",2042
"16 pm",3582
"17 pm",2490
"18 pm",295
"16 pm",2120
"17 pm",2317
"18 pm",1765
"16 pm",965
"17 pm",2240
"18 pm",2504
"16 pm",492
"17 pm",2212
"18 pm",2594
"19 pm",183
"17 pm",1993
"18 pm",2417
"19 pm",1065
"17 pm",1542
"18 pm",2348
"19 pm",1685
"17 pm",911
"18 pm",2302
"19 pm",2353
"17 pm",166
"18 pm",2264
"19 pm",2687
"20 pm",342
"18 pm",594
"19 pm",2496
"20 pm",2829
"18 pm",98
"19 pm",2469
"20 pm",3477
"20 pm",5644
"21 pm",829
"20 pm",90
"21 pm",7158
"21 pm",6797
"21 pm",6538
"21 pm",4121
"22 pm",2063
"22 pm",5824
"22 pm",5152
"22 pm",5217
"22 pm",3756
"23 pm",1681
"23 pm",5201
"23 pm",6372
"23 pm",6450
"0 am",3331
"23 pm",1391
"0 am",2552
"1 am",3242
"0 am",1285
"1 am",3994
"2 am",1041
"0 am",599
"1 am",3916
"2 am",1840
"0 am",275
"1 am",3891
"2 am",2139
"3 am",151
"1 am",3745
"2 am",2014
"3 am",681
"1 am",3641
"2 am",1998
"3 am",779
"1 am",3588
"2 am",1990
"3 am",818
"1 am",3441
"2 am",1968
"3 am",812
"4 am",103
"1 am",3105
"2 am",1927
"3 am",681
"4 am",432
"1 am",2815
"2 am",1908
"3 am",648
"4 am",632
"1 am",2702
"2 am",1898
"3 am",634
"4 am",615
"5 am",90
"1 am",2424
"2 am",1883
"3 am",607
"4 am",504
"5 am",379
"1 am",2274
"2 am",1880
"3 am",600
"4 am",472
"5 am",483
"1 am",1516
"2 am",1841
"3 am",569
"4 am",384
"5 am",776
"6 am",246
"1 am",805
"2 am",1812
"3 am",544
"4 am",341
"5 am",624
"6 am",805
"1 am",138
"2 am",1794
"3 am",534
"4 am",317
"5 am",577
"6 am",1169
"2 am",1689
"3 am",530
"4 am",314
"5 am",555
"6 am",1137
"7 am",186
"2 am",1149
"3 am",523
"4 am",303
"5 am",520
"6 am",944
"7 am",718
"2 am",910
"3 am",520
"4 am",300
"5 am",509
"6 am",896
"7 am",879
"2 am",383
"3 am",515
"4 am",285
"5 am",480
"6 am",821
"7 am",1209
"3 am",335
"4 am",304
"5 am",464
"6 am",785
"7 am",1343
"8 am",195
"4 am",215
"5 am",453
"6 am",752
"7 am",1131
"8 am",882
"4 am",137
"5 am",450
"6 am",740
"7 am",1102
"8 am",1044
"4 am",4
"5 am",448
"6 am",732
"7 am",1069
"8 am",1198
"5 am",180
"6 am",719
"7 am",1013
"8 am",1425
"9 am",237
"6 am",404
"7 am",957
"8 am",1223
"9 am",999
"10 am",564
"7 am",486
"8 am",1082
"9 am",1552
"10 am",1605
"11 am",548
"8 am",402
"9 am",1318
"10 am",1293
"11 am",1893
"12 pm",961
"11 am",1114
"12 pm",2517
"13 pm",1005
"12 pm",1996
"13 pm",2588
"14 pm",622
"13 pm",2083
"14 pm",1835
"15 pm",2302
"15 pm",3574
"16 pm",3408
"16 pm",4741
"17 pm",1925
"17 pm",4471
"18 pm",1604
"18 pm",3823
"19 pm",1949
"19 pm",3809
"20 pm",2705
"20 pm",3773
"21 pm",1483
"21 pm",4035
"22 pm",1689
"22 pm",5365
"23 pm",1725
"0 am",3581
"23 pm",2406
"0 am",3884
"1 am",1727
"23 pm",65
"0 am",3648
"1 am",1638
"2 am",504
"0 am",3352
"1 am",1566
"2 am",802
"3 am",110
"0 am",3053
"1 am",1520
"2 am",730
"3 am",321
"4 am",138
"0 am",2761
"1 am",1478
"2 am",686
"3 am",277
"4 am",356
"5 am",110
"0 am",1841
"1 am",1422
"2 am",649
"3 am",234
"4 am",273
"5 am",599
"6 am",400
"0 am",486
"1 am",1375
"2 am",626
"3 am",213
"4 am",239
"5 am",475
"6 am",1121
"7 am",463
"6 am",819
"7 am",1979
"8 am",1288
"7 am",592
"8 am",2796
"9 am",1052
"10 am",892
"8 am",1170
"9 am",2770
"10 am",3121
"11 am",641
"9 am",1336
"10 am",1422
"11 am",2178
"12 pm",1302
"11 am",1242
"12 pm",2331
"13 pm",1896
"12 pm",776
"13 pm",3956
"14 pm",1016
"13 pm",1580
"14 pm",2645
"15 pm",1042
"14 pm",1395
"15 pm",2278
"16 pm",1069
"15 pm",1242
"16 pm",2116
"17 pm",1268
"17 pm",3226
"18 pm",4406
"18 pm",3152
"19 pm",1857
"19 pm",2582
"20 pm",1596
"20 pm",3074
"21 pm",1124
"20 pm",743
"21 pm",3427
"21 pm",2475
"22 pm",1974
"21 pm",1322
"22 pm",3770
"23 pm",13
"6 am",1002
"7 am",1906
"8 am",752
"7 am",217
"8 am",2311
"9 am",1291
"10 am",1697
"9 am",2369
"10 am",3320
"11 am",1016
"9 am",306
"11 am",3245
"12 pm",2194
"12 pm",2894
"13 pm",3026
"13 pm",3465
"14 pm",2302
"14 pm",4315
"15 pm",1421
"14 pm",452
"15 pm",2651
"16 pm",1965
"16 pm",2143
"17 pm",2815
"17 pm",2814
"18 pm",1714
"18 pm",3012
"19 pm",1688
"18 pm",16
"19 pm",3587
"20 pm",1811
"20 pm",3706
"21 pm",1862
"21 pm",2767
"22 pm",3080
"22 pm",1842
"23 pm",3817
"0 am",4297
"23 pm",1058
"0 am",3320
"1 am",2524
"2 am",150
"0 am",2352
"1 am",2315
"2 am",1009
"3 am",233
"0 am",2036
"1 am",2233
"2 am",893
"3 am",385
"4 am",279
"0 am",1771
"1 am",2199
"2 am",861
"3 am",335
"4 am",420
"5 am",165
"0 am",1028
"1 am",2145
"2 am",809
"3 am",291
"4 am",317
"5 am",523
"6 am",353
"1 am",1872
"2 am",769
"3 am",242
"4 am",277
"5 am",407
"6 am",801
"7 am",607
"3 am",222
"4 am",223
"5 am",361
"6 am",657
"7 am",1248
"8 am",1076
"7 am",994
"8 am",1893
"9 am",829
"10 am",1208
"8 am",1195
"9 am",2010
"10 am",2712
"11 am",2329
"9 am",671
"11 am",3707
"12 pm",2905
"12 pm",3856
"13 pm",1828
"12 pm",284
"13 pm",4172
"14 pm",1533
"13 pm",931
"14 pm",3137
"15 pm",1575
"14 pm",878
"15 pm",3013
"16 pm",1288
"15 pm",2069
"16 pm",1595
"17 pm",921
"15 pm",248
"16 pm",1423
"17 pm",1427
"18 pm",866
"16 pm",281
"17 pm",1297
"18 pm",1416
"19 pm",1204
"19 pm",4329
"20 pm",1524
"20 pm",3412
"21 pm",1653
"20 pm",1214
"21 pm",2766
"22 pm",864
"21 pm",2237
"22 pm",2039
"23 pm",713
"0 am",952
"1 am",39
"21 pm",544
"22 pm",1884
"23 pm",1894
"0 am",877
"1 am",325
"2 am",17
"21 pm",404
"22 pm",1867
"23 pm",1858
"0 am",844
"1 am",280
"2 am",200
"21 pm",272
"22 pm",1853
"23 pm",1832
"3 am",70
"0 am",816
"1 am",254
"2 am",165
"21 pm",131
"22 pm",1843
"23 pm",1805
"3 am",179
"4 am",141
"0 am",778
"1 am",235
"2 am",152
"22 pm",1747
"23 pm",1772
"3 am",147
"4 am",252
"5 am",190
"0 am",753
"1 am",218
"2 am",144
"22 pm",1373
"23 pm",1749
"3 am",124
"4 am",195
"5 am",397
"6 am",320
"0 am",728
"1 am",206
"2 am",140
"22 pm",356
"23 pm",1704
"3 am",111
"4 am",165
"5 am",306
"6 am",754
"7 am",468
"0 am",375
"1 am",202
"2 am",128
"3 am",107
"4 am",141
"5 am",273
"6 am",650
"7 am",1143
"8 am",1087
"7 am",651
"8 am",2113
"9 am",1194
"10 am",1787
"8 am",74
"9 am",2180
"10 am",3762
"11 am",1220
"10 am",68
"11 am",3023
"12 pm",1637
"11 am",568
"12 pm",2339
"13 pm",1394
"12 pm",664
"13 pm",2361
"14 pm",1376
"13 pm",810
"14 pm",2693
"15 pm",1114
"15 pm",2495
"16 pm",2878
"16 pm",3535
"17 pm",1488
"16 pm",1168
"17 pm",2019
"18 pm",1480
"17 pm",1344
"18 pm",2358
"19 pm",747
"18 pm",514
"19 pm",1810
"20 pm",2472
"20 pm",3855
"21 pm",974
"20 pm",581
"21 pm",3474
"22 pm",1198
"21 pm",1730
"22 pm",2947
"23 pm",1082
"0 am",4966
"1 am",359
"23 pm",2129
"0 am",2275
"1 am",3444
"2 am",1725
"1 am",1504
"2 am",4399
"3 am",1181
"2 am",3989
"3 am",1949
"4 am",587
"2 am",3127
"3 am",1813
"4 am",927
"5 am",372
"2 am",1213
"3 am",1696
"4 am",771
"5 am",838
"6 am",988
"6 am",504
"7 am",2145
"8 am",1546
"7 am",349
"8 am",2827
"9 am",1677
"10 am",1558
"8 am",463
"9 am",3270
"10 am",3025
"11 am",1712
"9 am",1061
"11 am",1936
"12 pm",5101
"12 pm",3167
"13 pm",3047
"13 pm",1169
"14 pm",4886
"14 pm",2096
"15 pm",3471
"15 pm",2082
"16 pm",3428
"16 pm",2368
"17 pm",3455
"17 pm",3179
"18 pm",2232
"18 pm",3777
"19 pm",2083
"19 pm",2483
"20 pm",2510
"20 pm",2660
"21 pm",2449
"21 pm",3009
"22 pm",4448
"22 pm",3614
"23 pm",3210
"0 am",5541
"23 pm",1359
"0 am",4264
"1 am",2631
"0 am",3525
"1 am",2571
"2 am",542
"0 am",3078
"1 am",2493
"2 am",693
"3 am",215
"0 am",2577
"1 am",2419
"2 am",618
"3 am",398
"4 am",256
"0 am",2201
"1 am",2389
"2 am",580
"3 am",352
"4 am",402
"5 am",199
"0 am",1377
"1 am",2331
"2 am",538
"3 am",303
"4 am",311
"5 am",581
"6 am",468
"1 am",2108
"2 am",513
"3 am",277
"4 am",273
"5 am",453
"6 am",1059
"7 am",614
"2 am",121
"3 am",263
"4 am",257
"5 am",405
"6 am",890
"7 am",1409
"8 am",891
"6 am",212
"7 am",1239
"8 am",1922
"9 am",714
"10 am",1170
"8 am",1206
"9 am",2133
"10 am",2365
"11 am",692
"9 am",1491
"10 am",1428
"11 am",1980
"12 pm",1352
"11 am",1139
"12 pm",2203
"13 pm",2221
"13 pm",4262
"14 pm",2484
"14 pm",4354
"15 pm",1119
"15 pm",2806
"16 pm",2449
"16 pm",3625
"17 pm",1975
"17 pm",4006
"18 pm",1509
"17 pm",1260
"18 pm",2891
"19 pm",865
"18 pm",1132
"19 pm",2488
"20 pm",1206
"20 pm",3788
"21 pm",3266
"21 pm",1272
"22 pm",5632
"22 pm",1016
"23 pm",5714
"0 am",6133
"1 am",5831
"2 am",137
"1 am",3971
"2 am",1568
"3 am",367
"1 am",3552
"2 am",1450
"3 am",618
"4 am",195
"1 am",3027
"2 am",1371
"3 am",524
"4 am",438
"5 am",253
"1 am",2136
"2 am",1296
"3 am",448
"4 am",344
"5 am",566
"6 am",495
"1 am",518
"2 am",1234
"3 am",410
"4 am",295
"5 am",419
"6 am",957
"7 am",700
"3 am",153
"4 am",269
"5 am",378
"6 am",777
"7 am",1624
"8 am",831
"7 am",1377
"8 am",1746
"9 am",925
"10 am",1045
"8 am",1035
"9 am",2056
"10 am",2145
"11 am",852
"9 am",1386
"10 am",800
"11 am",2203
"12 pm",1707
"11 am",1070
"12 pm",2663
"13 pm",1263
"12 pm",1960
"13 pm",2500
"14 pm",941
"13 pm",1957
"14 pm",2420
"15 pm",1367
"15 pm",4070
"16 pm",3279
"15 pm",1275
"16 pm",4254
"17 pm",1193
"18 pm",8608
"18 pm",2755
"19 pm",5251
"19 pm",2287
"20 pm",4062
"20 pm",2292
"21 pm",2488
"21 pm",2937
"22 pm",1956
"22 pm",4156
"23 pm",1723
"0 am",4202
"1 am",126
"23 pm",2905
"0 am",3060
"1 am",3895
"2 am",205
"0 am",1097
"1 am",3578
"2 am",1586
"3 am",379
"0 am",629
"1 am",3518
"2 am",1432
"3 am",544
"4 am",229
"1 am",3422
"2 am",1358
"3 am",469
"4 am",501
"5 am",235
"1 am",1660
"2 am",1241
"3 am",413
"4 am",338
"5 am",737
"6 am",747
"2 am",1064
"3 am",386
"4 am",303
"5 am",637
"6 am",1328
"7 am",622
"6 am",981
"7 am",1457
"8 am",1060
"7 am",56
"8 am",2002
"9 am",1416
"10 am",1948
"9 am",2082
"10 am",3450
"11 am",932
"9 am",135
"10 am",51
"11 am",2549
"12 pm",1772
"11 am",392
"12 pm",2887
"13 pm",1584
"12 pm",731
"13 pm",2921
"14 pm",1478
"14 pm",3408
"15 pm",2006
"15 pm",2911
"16 pm",2032
"16 pm",2802
"17 pm",2253
"17 pm",2481
"18 pm",4086
"18 pm",2411
"19 pm",5435
"19 pm",2000
"20 pm",2635
"20 pm",3306
"21 pm",2182
"21 pm",3312
"22 pm",2138
"22 pm",4130
"23 pm",1390
"0 am",2586
"1 am",398
"22 pm",38
"23 pm",2573
"0 am",1076
"1 am",4727
"2 am",1769
"1 am",4209
"2 am",2533
"3 am",488
"1 am",3395
"2 am",2413
"3 am",780
"4 am",324
"1 am",2793
"2 am",2349
"3 am",695
"4 am",569
"5 am",249
"1 am",1285
"2 am",2261
"3 am",622
"4 am",419
"5 am",689
"6 am",655
"2 am",1098
"3 am",589
"4 am",382
"5 am",587
"6 am",1270
"7 am",851
"6 am",317
"7 am",2146
"8 am",1716
"8 am",2665
"9 am",1730
"10 am",2006
"9 am",2581
"10 am",3091
"11 am",1487
"11 am",2356
"12 pm",2167
"11 am",11
"12 pm",2884
"13 pm",2106
"13 pm",3350
"14 pm",2501
"15 pm",2332
"16 pm",3399
"16 pm",1503
"17 pm",3486
"17 pm",1988
"18 pm",2723
"18 pm",3274
"19 pm",1913
"22 pm",7368
"23 pm",5022
"0 am",5915
"1 am",386
"0 am",1205
"1 am",3845
"2 am",268
"1 am",3091
"2 am",1874
"3 am",359
"1 am",2571
"2 am",1749
"3 am",542
"4 am",360
"1 am",1965
"2 am",1661
"3 am",432
"4 am",693
"5 am",321
"1 am",723
"2 am",1570
"3 am",363
"4 am",499
"5 am",776
"6 am",885
"2 am",857
"3 am",339
"4 am",453
"5 am",649
"6 am",1436
"7 am",789
"6 am",764
"7 am",1814
"8 am",1205
"7 am",3
"8 am",2304
"9 am",1415
"10 am",1877
"9 am",3021
"10 am",2939
"11 am",1210
"11 am",1710
"12 pm",2722
"12 pm",2145
"13 pm",1721
"13 pm",2570
"14 pm",1835
"14 pm",2343
"15 pm",3022
"15 pm",1494
"16 pm",3334
"16 pm",1814
"17 pm",2730
"18 pm",6712
"18 pm",1925
"19 pm",2887
"2 am",80
"3 am",387
"4 am",371
"5 am",660
"6 am",1490
"7 am",779
"6 am",525
"7 am",1911
"8 am",1009
"7 am",168
"8 am",2192
"9 am",1307
"10 am",1244
"9 am",2429
"10 am",2926
"11 am",1032
"9 am",98
"11 am",2218
"12 pm",1790
"11 am",44
"12 pm",2493
"13 pm",1561
"12 pm",292
"13 pm",3095
"14 pm",1167
"13 pm",451
"14 pm",2801
"15 pm",1481
"15 pm",1410
"16 pm",2981
"16 pm",2067
"17 pm",1407
"17 pm",2127
"18 pm",2138
"18 pm",3008
"19 pm",1882
"19 pm",2368
"20 pm",2250
"20 pm",3156
"21 pm",1813
"21 pm",1980
"22 pm",3291
"22 pm",2477
"23 pm",1638
"0 am",6905
"0 am",1026
"1 am",5696
"2 am",184
"1 am",3133
"2 am",3016
"3 am",537
"1 am",1581
"2 am",2837
"3 am",1296
"4 am",543
"1 am",674
"2 am",2759
"3 am",1170
"4 am",1017
"5 am",296
"2 am",2156
"3 am",1076
"4 am",816
"5 am",735
"6 am",638
"2 am",415
"3 am",1016
"4 am",708
"5 am",602
"6 am",1115
"7 am",737
"4 am",128
"5 am",547
"6 am",870
"7 am",1529
"8 am",765
"7 am",1154
"8 am",1647
"9 am",1018
"10 am",1295
"8 am",723
"9 am",2156
"10 am",2128
"11 am",1210
"9 am",1125
"10 am",256
"11 am",3202
"12 pm",1546
"11 am",475
"12 pm",2658
"13 pm",2247
"13 pm",5401
"14 pm",1973
"14 pm",3707
"15 pm",1934
"15 pm",2361
"16 pm",3023
"16 pm",2265
"17 pm",3754
"17 pm",2150
"18 pm",4504
"18 pm",2992
"19 pm",3377
"20 pm",7126
"20 pm",2954
"21 pm",2870
"21 pm",3293
"22 pm",3485
"22 pm",2541
"23 pm",3552
"0 am",4140
"23 pm",1033
"0 am",3306
"1 am",3095
"0 am",2445
"1 am",3049
"2 am",1075
"0 am",1832
"1 am",2965
"2 am",1449
"3 am",291
"0 am",1320
"1 am",2888
"2 am",1329
"3 am",554
"4 am",254
"0 am",824
"1 am",2851
"2 am",1244
"3 am",479
"4 am",531
"5 am",199
"1 am",2351
"2 am",1172
"3 am",390
"4 am",381
"5 am",601
"6 am",614
"1 am",838
"2 am",1131
"3 am",346
"4 am",327
"5 am",474
"6 am",1279
"7 am",566
"3 am",109
"4 am",297
"5 am",412
"6 am",1021
"7 am",1552
"8 am",770
"6 am",113
"7 am",1306
"8 am",1695
"9 am",906
"10 am",1052
"8 am",906
"9 am",2115
"10 am",2349
"11 am",975
"9 am",825
"11 am",3619
"12 pm",1900
"11 am",736
"12 pm",2923
"13 pm",1334
"12 pm",1014
"13 pm",2501
"14 pm",954
"13 pm",1125
"14 pm",1920
"15 pm",860
"15 pm",2209
"16 pm",3257
"16 pm",2370
"17 pm",1797
"17 pm",3166
"18 pm",1380
"17 pm",857
"18 pm",2649
"19 pm",895
"18 pm",684
"19 pm",2888
"20 pm",1322
"20 pm",3300
"21 pm",2661
"21 pm",2377
"22 pm",5080
"22 pm",2063
"23 pm",5250
"0 am",6566
"1 am",5789
"2 am",33
"1 am",3780
"2 am",1718
"1 am",2777
"2 am",2335
"3 am",536
"1 am",2412
"2 am",2220
"3 am",824
"4 am",218
"1 am",2065
"2 am",2142
"3 am",728
"4 am",475
"5 am",180
"1 am",1323
"2 am",2079
"3 am",663
"4 am",366
"5 am",535
"6 am",394
"1 am",243
"2 am",2010
"3 am",618
"4 am",320
"5 am",412
"6 am",813
"7 am",553
"2 am",476
"3 am",580
"4 am",296
"5 am",347
"6 am",642
"7 am",1368
"8 am",825
"5 am",62
"6 am",594
"7 am",1193
"8 am",1563
"9 am",668
"10 am",933
"7 am",105
"8 am",1326
"9 am",1561
"10 am",1973
"11 am",810
"9 am",1052
"10 am",777
"11 am",2000
"12 pm",1613
"11 am",559
"12 pm",2642
"13 pm",1658
"12 pm",234
"13 pm",3432
"14 pm",1194
"13 pm",654
"14 pm",2511
"15 pm",1295
"15 pm",2538
"16 pm",2363
"16 pm",3158
"17 pm",1759
"17 pm",1698
"18 pm",4465
"18 pm",2224
"19 pm",3631
"19 pm",2318
"20 pm",2396
"20 pm",2714
"21 pm",1942
"21 pm",2781
"22 pm",1778
"21 pm",289
"22 pm",3354
"23 pm",909
"0 am",2641
"22 pm",823
"23 pm",1875
"0 am",2399
"1 am",1358
"2 am",19
"22 pm",80
"23 pm",1780
"0 am",2332
"1 am",1206
"2 am",500
"23 pm",1588
"0 am",2273
"1 am",1139
"2 am",695
"23 pm",1343
"3 am",160
"0 am",2201
"1 am",1071
"2 am",591
"23 pm",1086
"3 am",401
"4 am",273
"0 am",2147
"1 am",1032
"2 am",508
"23 pm",707
"3 am",294
"4 am",581
"5 am",298
"0 am",2021
"1 am",971
"2 am",430
"3 am",238
"4 am",424
"5 am",709
"6 am",564
"0 am",498
"1 am",936
"2 am",396
"3 am",210
"4 am",353
"5 am",559
"6 am",1120
"7 am",628
"4 am",94
"5 am",489
"6 am",886
"7 am",1424
"8 am",1086
"7 am",934
"8 am",1850
"9 am",1080
"10 am",1084
"8 am",785
"9 am",2228
"10 am",2127
"11 am",1046
"9 am",1016
"10 am",620
"11 am",2110
"12 pm",1940
"12 pm",1301
"13 pm",3606
"13 pm",2731
"14 pm",1864
"14 pm",1580
"15 pm",3711
"15 pm",857
"16 pm",3413
"16 pm",1760
"17 pm",2477
"17 pm",1365
"18 pm",4579
"18 pm",2402
"19 pm",4275
"19 pm",1387
"20 pm",2281
"20 pm",1954
"21 pm",1617
"21 pm",3236
"22 pm",1135
"21 pm",1069
"22 pm",3544
"22 pm",3896
"23 pm",1797
"22 pm",1427
"23 pm",3870
"0 am",3166
"23 pm",3113
"0 am",3306
"1 am",3650
"1 am",3575
"2 am",3937
"1 am",329
"2 am",6273
"2 am",4942
"3 am",1830
"2 am",1285
"3 am",5530
"3 am",4734
"4 am",998
"3 am",2556
"4 am",2427
"3 am",1718
"4 am",2497
"5 am",456
"3 am",842
"4 am",2302
"5 am",1233
"4 am",1297
"5 am",1852
"6 am",942
"5 am",1418
"6 am",2480
"5 am",407
"6 am",2694
"7 am",692
"6 am",1131
"7 am",2434
"7 am",2506
"8 am",1196
"7 am",700
"8 am",2845
"8 am",2194
"9 am",1232
"8 am",697
"9 am",3108
"10 am",1040
"9 am",2956
"10 am",2785
"9 am",1083
"10 am",2926
"11 am",830
"10 am",1178
"11 am",2593
"11 am",2775
"12 pm",1446
"11 am",142
"12 pm",4351
"12 pm",2640
"13 pm",1752
"12 pm",170
"13 pm",5313
"13 pm",4503
"14 pm",1791
"13 pm",1388
"14 pm",3697
"14 pm",3126
"15 pm",1508
"14 pm",1286
"15 pm",3236
"15 pm",3112
"16 pm",1151
"15 pm",229
"16 pm",4169
"16 pm",2638
"17 pm",1500
"16 pm",1543
"17 pm",2482
"17 pm",746
"18 pm",3278
"18 pm",3214
"19 pm",1017
"18 pm",1021
"19 pm",3474
"19 pm",3517
"20 pm",999
"19 pm",205
"20 pm",5850
"20 pm",2688
"21 pm",1366
"20 pm",143
"21 pm",3165
"21 pm",2911
"22 pm",925
"21 pm",927
"22 pm",3989
"22 pm",2620
"23 pm",1199
"22 pm",812
"23 pm",3344
"0 am",2091
"23 pm",3137
"0 am",3306
"1 am",1748
"23 pm",949
"0 am",3023
"1 am",2351
"2 am",937
"0 am",2516
"1 am",2260
"2 am",1554
"0 am",2051
"1 am",2173
"2 am",1836
"3 am",198
"0 am",1712
"1 am",2129
"2 am",1727
"3 am",630
"0 am",1403
"1 am",2097
"2 am",1662
"3 am",744
"4 am",196
"0 am",1122
"1 am",2066
"2 am",1616
"3 am",671
"4 am",559
"0 am",881
"1 am",2035
"2 am",1581
"3 am",639
"4 am",655
"5 am",208
"0 am",353
"1 am",1992
"2 am",1546
"3 am",604
"4 am",524
"5 am",743
"1 am",1598
"2 am",1513
"3 am",566
"4 am",468
"5 am",994
"6 am",318
"1 am",771
"2 am",1493
"3 am",540
"4 am",429
"5 am",824
"6 am",1059
"1 am",105
"2 am",1478
"3 am",520
"4 am",402
"5 am",743
"6 am",1132
"7 am",516
"2 am",632
"3 am",514
"4 am",388
"5 am",704
"6 am",973
"7 am",1214
"4 am",249
"5 am",675
"6 am",865
"7 am",1654
"8 am",467
"5 am",46
"6 am",797
"7 am",1409
"8 am",1615
"7 am",1311
"8 am",1976
"9 am",546
"7 am",249
"8 am",1706
"9 am",1897
"10 am",721
"8 am",826
"9 am",2350
"10 am",2350
"9 am",1842
"10 am",4399
"11 am",1299
"10 am",1066
"11 am",3840
"11 am",3119
"12 pm",1420
"11 am",226
"12 pm",4012
"12 pm",2894
"13 pm",1504
"12 pm",1626
"13 pm",3006
"13 pm",3450
"14 pm",1161
"13 pm",1963
"14 pm",2480
"14 pm",3227
"15 pm",1087
"14 pm",1519
"15 pm",2658
"14 pm",117
"15 pm",2924
"16 pm",1124
"15 pm",957
"16 pm",3117
"15 pm",4
"16 pm",2839
"17 pm",1117
"16 pm",1856
"17 pm",2223
"17 pm",3259
"18 pm",1700
"18 pm",5385
"18 pm",4497
"19 pm",1097
"18 pm",1243
"19 pm",4127
"19 pm",3850
"20 pm",1475
"19 pm",658
"20 pm",4458
"20 pm",3855
"21 pm",880
"20 pm",1450
"21 pm",3812
"21 pm",4766
"22 pm",1244
"21 pm",2023
"22 pm",3864
"22 pm",5039
"23 pm",765
"22 pm",3348
"23 pm",2621
"0 am",1347
"22 pm",924
"23 pm",3950
"0 am",2409
"1 am",799
"23 pm",2713
"0 am",2316
"1 am",1179
"2 am",163
"23 pm",2002
"0 am",2276
"1 am",1015
"2 am",595
"23 pm",1614
"0 am",2246
"1 am",950
"2 am",723
"23 pm",1347
"3 am",138
"0 am",2233
"1 am",912
"2 am",653
"23 pm",1155
"3 am",375
"0 am",2207
"1 am",885
"2 am",605
"23 pm",925
"3 am",503
"4 am",124
"0 am",2168
"1 am",848
"2 am",549
"23 pm",630
"3 am",419
"4 am",487
"0 am",2144
"1 am",836
"2 am",522
"23 pm",421
"3 am",392
"4 am",563
"5 am",172
"0 am",2127
"1 am",813
"2 am",491
"23 pm",132
"3 am",368
"4 am",465
"5 am",547
"0 am",1726
"1 am",786
"2 am",462
"3 am",325
"4 am",395
"5 am",813
"6 am",225
"0 am",1041
"1 am",769
"2 am",447
"3 am",296
"4 am",356
"5 am",663
"6 am",873
"0 am",572
"1 am",761
"2 am",437
"3 am",291
"4 am",337
"5 am",629
"6 am",993
"7 am",268
"1 am",665
"2 am",426
"3 am",266
"4 am",310
"5 am",578
"6 am",832
"7 am",1107
"2 am",233
"3 am",253
"4 am",282
"5 am",540
"6 am",701
"7 am",1658
"8 am",529
"5 am",456
"6 am",659
"7 am",1456
"8 am",1612
"6 am",182
"7 am",1384
"8 am",2079
"9 am",521
"7 am",520
"8 am",1818
"9 am",1805
"10 am",692
"8 am",1380
"9 am",2149
"10 am",2191
"8 am",293
"9 am",1930
"10 am",2838
"11 am",618
"9 am",1201
"10 am",2502
"11 am",2394
"10 am",498
"11 am",3208
"12 pm",904
"11 am",1932
"12 pm",2605
"11 am",1112
"12 pm",2349
"13 pm",919
"11 am",507
"12 pm",2211
"13 pm",1859
"12 pm",1522
"13 pm",2705
"14 pm",746
"13 pm",1549
"14 pm",3347
"15 pm",701
"14 pm",2752
"15 pm",2504
"14 pm",1452
"15 pm",2573
"16 pm",728
"15 pm",1642
"16 pm",2689
"15 pm",801
"16 pm",2345
"17 pm",1392
"16 pm",1491
"17 pm",3440
"17 pm",3403
"18 pm",1641
"17 pm",1051
"18 pm",3786
"18 pm",3711
"19 pm",713
"18 pm",1956
"19 pm",2410
"19 pm",3759
"20 pm",1953
"19 pm",50
"20 pm",6143
"20 pm",3632
"21 pm",782
"20 pm",1512
"21 pm",2488
"20 pm",33
"21 pm",3477
"22 pm",884
"21 pm",1921
"22 pm",3490
"21 pm",127
"22 pm",4963
"23 pm",1041
"22 pm",3726
"23 pm",2720
"0 am",1764
"22 pm",879
"23 pm",3664
"0 am",3043
"1 am",2088
"23 pm",1505
"0 am",2965
"1 am",2812
"2 am",865
"23 pm",235
"0 am",2482
"1 am",2748
"2 am",1895
"0 am",1116
"1 am",2717
"2 am",2836
"3 am",425
"0 am",184
"1 am",2700
"2 am",2724
"3 am",1318
"1 am",2089
"2 am",2655
"3 am",1678
"4 am",303
"1 am",1362
"2 am",2599
"3 am",1554
"4 am",975
"1 am",1121
"2 am",2575
"3 am",1530
"4 am",1076
"5 am",128
"1 am",820
"2 am",2554
"3 am",1496
"4 am",976
"5 am",481
"1 am",64
"2 am",2534
"3 am",1445
"4 am",870
"5 am",785
"6 am",325
"2 am",1487
"3 am",1389
"4 am",789
"5 am",659
"6 am",1091
"2 am",768
"3 am",1377
"4 am",753
"5 am",614
"6 am",1238
"7 am",326
"3 am",1328
"4 am",724
"5 am",587
"6 am",1099
"7 am",964
"4 am",658
"5 am",547
"6 am",979
"7 am",1399
"8 am",441
"5 am",233
"6 am",917
"7 am",1241
"8 am",1288
"6 am",274
"7 am",1161
"8 am",1660
"9 am",486
"7 am",697
"8 am",1467
"9 am",1510
"10 am",648
"8 am",1230
"9 am",2076
"10 am",1535
"8 am",607
"9 am",1883
"10 am",2418
"11 am",594
"9 am",935
"10 am",1882
"11 am",1936
"11 am",2937
"12 pm",1083
"11 am",1614
"12 pm",2670
"11 am",336
"12 pm",2314
"13 pm",1562
"12 pm",1920
"13 pm",2421
"12 pm",917
"13 pm",2979
"14 pm",552
"13 pm",2420
"14 pm",2311
"13 pm",401
"14 pm",3573
"15 pm",1134
"14 pm",1710
"15 pm",3518
"15 pm",3454
"16 pm",1433
"16 pm",4710
"16 pm",1745
"17 pm",2244
"16 pm",295
"17 pm",3462
"17 pm",3028
"18 pm",1042
"17 pm",1186
"18 pm",3494
"18 pm",4025
"19 pm",846
"18 pm",2373
"19 pm",2460
"19 pm",4140
"20 pm",1880
"20 pm",5462
"20 pm",3784
"21 pm",1161
"20 pm",886
"21 pm",4119
"21 pm",3943
"22 pm",1435
"21 pm",305
"22 pm",6421
"22 pm",5552
"23 pm",1698
"22 pm",1700
"23 pm",5874
"0 am",4220
"23 pm",2873
"0 am",3984
"1 am",2717
"0 am",2255
"1 am",3499
"2 am",889
"0 am",1751
"1 am",3431
"2 am",1419
"0 am",1184
"1 am",3326
"2 am",1532
"3 am",435
"0 am",1004
"1 am",3298
"2 am",1472
"3 am",546
"4 am",108
"0 am",694
"1 am",3244
"2 am",1429
"3 am",467
"4 am",459
"0 am",507
"1 am",3224
"2 am",1407
"3 am",438
"4 am",525
"5 am",119
"0 am",226
"1 am",3205
"2 am",1388
"3 am",399
"4 am",458
"5 am",440
"1 am",2814
"2 am",1345
"3 am",363
"4 am",384
"5 am",726
"6 am",271
"1 am",2202
"2 am",1321
"3 am",342
"4 am",346
"5 am",629
"6 am",842
"1 am",1577
"2 am",1298
"3 am",326
"4 am",320
"5 am",579
"6 am",1029
"7 am",306
"1 am",1021
"2 am",1285
"3 am",317
"4 am",305
"5 am",537
"6 am",880
"7 am",842
"2 am",1069
"3 am",293
"4 am",285
"5 am",496
"6 am",779
"7 am",1356
"8 am",446
"2 am",87
"3 am",287
"4 am",276
"5 am",469
"6 am",730
"7 am",1177
"8 am",1273
"5 am",377
"6 am",698
"7 am",1081
"8 am",1722
"9 am",408
"6 am",280
"7 am",1043
"8 am",1533
"9 am",1323
"10 am",532
"7 am",571
"8 am",1399
"9 am",1650
"10 am",1348
"8 am",1246
"9 am",1483
"10 am",1738
"11 am",412
"8 am",514
"9 am",1391
"10 am",1531
"11 am",1210
"9 am",1206
"10 am",1407
"11 am",1657
"12 pm",680
"9 am",290
"10 am",711
"11 am",1411
"12 pm",2006
"10 am",236
"11 am",1372
"12 pm",1883
"13 pm",608
"11 am",1140
"12 pm",1712
"13 pm",1310
"11 am",408
"12 pm",1597
"13 pm",1731
"14 pm",502
"12 pm",1307
"13 pm",1599
"14 pm",1464
"12 pm",74
"13 pm",1463
"14 pm",2235
"15 pm",559
"13 pm",193
"14 pm",2036
"15 pm",2059
"14 pm",705
"15 pm",2522
"16 pm",779
"15 pm",1657
"16 pm",2761
"15 pm",251
"16 pm",2569
"17 pm",2807
"16 pm",388
"17 pm",5187
"17 pm",3326
"18 pm",1208
"17 pm",1149
"18 pm",3500
"18 pm",3841
"19 pm",635
"18 pm",981
"19 pm",3159
"19 pm",2690
"20 pm",827
"19 pm",1194
"20 pm",2989
"20 pm",3692
"21 pm",1230
"20 pm",62
"21 pm",4990
"21 pm",3754
"22 pm",2058
"22 pm",6122
"22 pm",3146
"23 pm",2741
"23 pm",5297
"0 am",3451
"23 pm",2071
"0 am",3692
"1 am",2524
"0 am",2280
"1 am",3152
"2 am",852
"0 am",1581
"1 am",3078
"2 am",1721
"0 am",809
"1 am",3008
"2 am",2224
"3 am",403
"1 am",2564
"2 am",2151
"3 am",1757
"1 am",1782
"2 am",2090
"3 am",2396
"4 am",411
"1 am",1169
"2 am",2032
"3 am",2262
"4 am",1181
"1 am",970
"2 am",1992
"3 am",2231
"4 am",1261
"5 am",163
"1 am",559
"2 am",1949
"3 am",2192
"4 am",1117
"5 am",687
"1 am",38
"2 am",1906
"3 am",2141
"4 am",1037
"5 am",936
"6 am",268
"2 am",1250
"3 am",2110
"4 am",1002
"5 am",782
"6 am",950
"2 am",525
"3 am",2084
"4 am",967
"5 am",711
"6 am",1095
"7 am",467
"3 am",2030
"4 am",950
"5 am",679
"6 am",988
"7 am",1010
"3 am",894
"4 am",927
"5 am",640
"6 am",867
"7 am",1498
"8 am",457
"4 am",793
"5 am",610
"6 am",830
"7 am",1337
"8 am",1330
"5 am",432
"6 am",789
"7 am",1234
"8 am",1824
"9 am",452
"6 am",431
"7 am",1186
"8 am",1612
"9 am",1477
"10 am",677
"7 am",566
"8 am",1514
"9 am",1892
"10 am",1661
"8 am",1138
"9 am",1724
"10 am",2435
"11 am",506
"9 am",1463
"10 am",2174
"11 am",1720
"9 am",438
"10 am",132
"11 am",2898
"12 pm",1894
"12 pm",5307
"12 pm",2779
"13 pm",2338
"12 pm",1150
"13 pm",3795
"13 pm",3503
"14 pm",805
"13 pm",1641
"14 pm",2518
"14 pm",3411
"15 pm",939
"14 pm",1089
"15 pm",3809
"15 pm",3792
"16 pm",1757
"15 pm",362
"16 pm",4867
"16 pm",3228
"17 pm",1597
"16 pm",1302
"17 pm",3674
"17 pm",4366
"18 pm",1471
"18 pm",4712
"19 pm",2295
"19 pm",5879
"19 pm",3673
"20 pm",1489
"19 pm",343
"20 pm",5291
"20 pm",3823
"21 pm",1369
"20 pm",970
"21 pm",4089
"21 pm",4635
"22 pm",1055
"21 pm",2908
"22 pm",2562
"21 pm",1119
"22 pm",3521
"23 pm",670
"22 pm",2632
"23 pm",2719
"0 am",1774
"22 pm",570
"23 pm",3764
"0 am",3149
"1 am",2118
"23 pm",1339
"0 am",3063
"1 am",3280
"2 am",191
"23 pm",137
"0 am",2635
"1 am",3133
"2 am",849
"0 am",2359
"1 am",3108
"2 am",964
"3 am",133
"0 am",2079
"1 am",3065
"2 am",891
"3 am",469
"0 am",1776
"1 am",3021
"2 am",835
"3 am",598
"4 am",144
"0 am",1371
"1 am",2975
"2 am",775
"3 am",499
"4 am",635
"0 am",1095
"1 am",2949
"2 am",752
"3 am",461
"4 am",720
"5 am",158
"0 am",702
"1 am",2917
"2 am",708
"3 am",426
"4 am",607
"5 am",608
"1 am",2701
"2 am",685
"3 am",386
"4 am",534
"5 am",917
"6 am",314
"1 am",1633
"2 am",669
"3 am",365
"4 am",491
"5 am",786
"6 am",1138
"1 am",849
"2 am",658
"3 am",355
"4 am",470
"5 am",723
"6 am",1259
"7 am",435
"2 am",555
"3 am",344
"4 am",447
"5 am",670
"6 am",1108
"7 am",1296
"4 am",63
"5 am",616
"6 am",994
"7 am",1806
"8 am",588
"6 am",720
"7 am",1582
"8 am",1690
"7 am",1367
"8 am",2037
"9 am",518
"7 am",545
"8 am",1736
"9 am",1653
"10 am",624
"8 am",1149
"9 am",2303
"10 am",2267
"8 am",82
"9 am",2025
"10 am",2751
"11 am",509
"9 am",1136
"10 am",2489
"11 am",1723
"9 am",190
"10 am",793
"11 am",2740
"12 pm",1306
"11 am",1349
"12 pm",3683
"11 am",242
"12 pm",3409
"13 pm",1116
"12 pm",2613
"13 pm",1869
"12 pm",978
"13 pm",2302
"14 pm",897
"12 pm",264
"13 pm",2105
"14 pm",1736
"13 pm",726
"14 pm",2485
"15 pm",1049
"14 pm",1874
"15 pm",2399
"14 pm",688
"15 pm",2611
"16 pm",949
"15 pm",1551
"16 pm",2617
"17 pm",8
"15 pm",569
"16 pm",2192
"17 pm",1647
"16 pm",1604
"17 pm",3291
"17 pm",2091
"18 pm",4308
"18 pm",4442
"18 pm",3748
"19 pm",1456
"19 pm",8156
"19 pm",1513
"20 pm",6171
"20 pm",5176
"20 pm",2746
"21 pm",1857
"21 pm",4757
"21 pm",3030
"22 pm",1451
"22 pm",4460
"22 pm",2978
"23 pm",1225
"22 pm",809
"23 pm",3431
"0 am",1815
"23 pm",2500
"0 am",2684
"1 am",1381
"23 pm",580
"0 am",2432
"1 am",1864
"2 am",637
"0 am",2026
"1 am",1762
"2 am",1438
"0 am",1669
"1 am",1679
"2 am",1744
"3 am",253
"0 am",1421
"1 am",1639
"2 am",1622
"3 am",600
"0 am",1046
"1 am",1579
"2 am",1523
"3 am",761
"4 am",335
"0 am",704
"1 am",1530
"2 am",1447
"3 am",661
"4 am",817
"0 am",436
"1 am",1493
"2 am",1408
"3 am",614
"4 am",946
"5 am",261
"0 am",122
"1 am",1472
"2 am",1377
"3 am",575
"4 am",822
"5 am",749
"1 am",831
"2 am",1320
"3 am",520
"4 am",712
"5 am",1218
"6 am",498
"2 am",1085
"3 am",483
"4 am",623
"5 am",991
"6 am",1605
"3 am",454
"4 am",569
"5 am",916
"6 am",1853
"7 am",669
"4 am",214
"5 am",888
"6 am",1673
"7 am",1560
"6 am",975
"7 am",2370
"8 am",866
"7 am",2131
"8 am",1962
"7 am",1026
"8 am",2423
"9 am",615
"8 am",2157
"9 am",1841
"10 am",872
"8 am",732
"9 am",2292
"10 am",2264
"9 am",1766
"10 am",2774
"11 am",665
"9 am",596
"10 am",1653
"11 am",3239
"11 am",4307
"12 pm",1965
"12 pm",4980
"12 pm",3329
"13 pm",1651
"12 pm",1841
"13 pm",3146
"13 pm",3952
"14 pm",1057
"13 pm",2154
"14 pm",2890
"13 pm",124
"14 pm",3767
"15 pm",957
"14 pm",1940
"15 pm",2426
"14 pm",295
"15 pm",2827
"16 pm",1044
"15 pm",853
"16 pm",3419
"16 pm",2662
"17 pm",1509
"16 pm",1877
"17 pm",2198
"16 pm",393
"17 pm",2776
"18 pm",707
"17 pm",1600
"18 pm",2188
"18 pm",3693
"19 pm",1463
"19 pm",4810
"19 pm",3004
"20 pm",1622
"20 pm",3923
"21 pm",499
"20 pm",2048
"21 pm",2435
"20 pm",319
"21 pm",3439
"22 pm",792
"21 pm",2687
"22 pm",2140
"21 pm",1174
"22 pm",3381
"23 pm",754
"21 pm",82
"22 pm",3173
"23 pm",2310
"0 am",1176
"22 pm",1360
"23 pm",3120
"0 am",1542
"1 am",672
"22 pm",371
"23 pm",2927
"0 am",1472
"1 am",808
"2 am",241
"23 pm",2837
"0 am",1452
"1 am",752
"2 am",453
"23 pm",2662
"0 am",1435
"1 am",716
"2 am",571
"23 pm",2481
"3 am",100
"0 am",1409
"1 am",688
"2 am",526
"23 pm",2299
"3 am",287
"0 am",1373
"1 am",659
"2 am",462
"23 pm",2007
"3 am",426
"4 am",149
"0 am",1345
"1 am",622
"2 am",408
"23 pm",1555
"3 am",332
"4 am",611
"0 am",1321
"1 am",604
"2 am",395
"23 pm",1332
"3 am",314
"4 am",646
"5 am",183
"0 am",1302
"1 am",576
"2 am",371
"23 pm",988
"3 am",292
"4 am",544
"5 am",670
"0 am",1259
"1 am",558
"2 am",349
"23 pm",355
"3 am",257
"4 am",465
"5 am",1003
"6 am",375
"0 am",884
"1 am",543
"2 am",333
"3 am",240
"4 am",427
"5 am",829
"6 am",1258
"0 am",166
"1 am",527
"2 am",324
"3 am",232
"4 am",410
"5 am",770
"6 am",1502
"7 am",415
"2 am",274
"3 am",227
"4 am",390
"5 am",722
"6 am",1317
"7 am",1243
"5 am",322
"6 am",1184
"7 am",1917
"8 am",705
"6 am",176
"7 am",1592
"8 am",2157
"7 am",890
"8 am",2474
"9 am",635
"7 am",15
"8 am",2198
"9 am",1979
"10 am",938
"8 am",763
"9 am",2674
"10 am",2717
"9 am",1658
"10 am",3567
"11 am",756
"9 am",312
"10 am",2124
"11 am",2786
"11 am",3533
"12 pm",1483
"11 am",715
"12 pm",4341
"12 pm",3695
"13 pm",1416
"12 pm",2216
"13 pm",2744
"12 pm",411
"13 pm",3540
"14 pm",1084
"13 pm",1746
"14 pm",3162
"14 pm",2760
"15 pm",2000
"14 pm",906
"15 pm",3594
"15 pm",2225
"16 pm",2220
"16 pm",3493
"17 pm",757
"16 pm",1712
"17 pm",2722
"16 pm",739
"17 pm",3985
"17 pm",3011
"18 pm",2147
"17 pm",531
"18 pm",4361
"18 pm",3021
"19 pm",1461
"18 pm",978
"19 pm",3625
"19 pm",3624
"20 pm",3173
"20 pm",7029
"20 pm",1001
"21 pm",5646
"21 pm",4423
"21 pm",2092
"22 pm",2439
"22 pm",4421
"22 pm",2988
"23 pm",1782
"22 pm",1306
"23 pm",3582
"0 am",2116
"23 pm",2793
"0 am",2389
"1 am",1346
"23 pm",1216
"0 am",2301
"1 am",1517
"2 am",432
"23 pm",738
"0 am",2248
"1 am",1463
"2 am",653
"23 pm",611
"0 am",2196
"1 am",1399
"2 am",697
"23 pm",452
"3 am",211
"0 am",2149
"1 am",1351
"2 am",640
"23 pm",290
"3 am",478
"0 am",2124
"1 am",1312
"2 am",613
"23 pm",133
"3 am",516
"4 am",190
"0 am",1936
"1 am",1240
"2 am",569
"3 am",421
"4 am",679
"0 am",1731
"1 am",1215
"2 am",551
"3 am",394
"4 am",627
"5 am",274
"0 am",1456
"1 am",1193
"2 am",533
"3 am",363
"4 am",562
"5 am",635
"0 am",861
"1 am",1144
"2 am",490
"3 am",309
"4 am",464
"5 am",744
"6 am",591
"0 am",201
"1 am",1099
"2 am",461
"3 am",275
"4 am",407
"5 am",619
"6 am",1400
"1 am",730
"2 am",439
"3 am",264
"4 am",392
"5 am",571
"6 am",1345
"7 am",644
"2 am",418
"3 am",256
"4 am",372
"5 am",537
"6 am",1165
"7 am",1411
"5 am",409
"6 am",1032
"7 am",1570
"8 am",848
"6 am",637
"7 am",1377
"8 am",1848
"7 am",1147
"8 am",1761
"9 am",839
"7 am",375
"8 am",1597
"9 am",1756
"10 am",1399
"8 am",738
"9 am",1986
"10 am",3176
"9 am",1353
"10 am",3245
"11 am",1153
"10 am",1604
"11 am",3092
"11 am",2938
"12 pm",2153
"11 am",265
"12 pm",3819
"13 pm",414
"12 pm",2945
"13 pm",1485
"12 pm",1917
"13 pm",2582
"12 pm",636
"13 pm",3067
"14 pm",1456
"13 pm",2575
"14 pm",2953
"13 pm",919
"14 pm",3324
"15 pm",1022
"14 pm",2112
"15 pm",2620
"14 pm",521
"15 pm",2653
"16 pm",1174
"15 pm",1399
"16 pm",2493
"17 pm",445
"15 pm",724
"16 pm",2259
"17 pm",1443
"15 pm",47
"16 pm",2147
"17 pm",2231
"16 pm",491
"17 pm",2157
"18 pm",1679
"17 pm",1790
"18 pm",2408
"17 pm",746
"18 pm",2297
"19 pm",888
"18 pm",1795
"19 pm",1958
"18 pm",489
"19 pm",2180
"20 pm",1253
"19 pm",1228
"20 pm",3241
"20 pm",3940
"21 pm",2165
"20 pm",979
"21 pm",4043
"21 pm",3050
"22 pm",1340
"21 pm",1517
"22 pm",3348
"21 pm",469
"22 pm",3613
"23 pm",1100
"22 pm",3330
"23 pm",1975
"0 am",1354
"22 pm",2156
"23 pm",2118
"0 am",1721
"1 am",1424
"2 am",104
"22 pm",649
"23 pm",1944
"0 am",1699
"1 am",1343
"2 am",441
"22 pm",418
"23 pm",1911
"0 am",1673
"1 am",1301
"2 am",590
"22 pm",312
"23 pm",1890
"0 am",1663
"1 am",1272
"2 am",597
"22 pm",213
"23 pm",1880
"3 am",141
"0 am",1622
"1 am",1247
"2 am",566
"22 pm",71
"23 pm",1857
"3 am",387
"0 am",1603
"1 am",1226
"2 am",534
"23 pm",1822
"3 am",408
"4 am",127
"0 am",1587
"1 am",1207
"2 am",500
"23 pm",1618
"3 am",372
"4 am",345
"0 am",1574
"1 am",1187
"2 am",476
"23 pm",1452
"3 am",358
"4 am",323
"5 am",188
"0 am",1552
"1 am",1161
"2 am",447
"23 pm",1257
"3 am",334
"4 am",282
"5 am",476
"0 am",1517
"1 am",1124
"2 am",419
"23 pm",850
"3 am",304
"4 am",222
"5 am",579
"6 am",389
"0 am",1482
"1 am",1097
"2 am",405
"23 pm",296
"3 am",287
"4 am",203
"5 am",480
"6 am",967
"0 am",1297
"1 am",1082
"2 am",399
"3 am",277
"4 am",196
"5 am",440
"6 am",924
"7 am",465
"0 am",722
"1 am",1074
"2 am",392
"3 am",271
"4 am",188
"5 am",417
"6 am",840
"7 am",948
"1 am",420
"2 am",377
"3 am",255
"4 am",180
"5 am",385
"6 am",745
"7 am",1155
"8 am",678
"4 am",31
"5 am",360
"6 am",687
"7 am",1020
"8 am",1773
"6 am",271
"7 am",962
"8 am",1769
"9 am",799
"8 am",1476
"9 am",2885
"10 am",1301
"9 am",3044
"10 am",2522
"9 am",1366
"10 am",2875
"11 am",1709
"10 am",1090
"11 am",4595
"11 am",1701
"12 pm",3788
"12 pm",3863
"13 pm",763
"12 pm",1664
"13 pm",3199
"12 pm",197
"13 pm",4900
"13 pm",2860
"14 pm",1992
"13 pm",77
"14 pm",4333
"14 pm",2328
"15 pm",2127
"14 pm",724
"15 pm",4142
"15 pm",2936
"16 pm",1634
"15 pm",273
"16 pm",3328
"17 pm",696
"16 pm",2835
"17 pm",1526
"16 pm",1426
"17 pm",3121
"17 pm",3338
"18 pm",1122
"17 pm",1505
"18 pm",3019
"18 pm",2178
"19 pm",3018
"19 pm",3367
"20 pm",1379
"19 pm",931
"20 pm",3475
"20 pm",3301
"21 pm",972
"20 pm",1269
"21 pm",3281
"21 pm",3419
"22 pm",1392
"21 pm",1164
"22 pm",4110
"22 pm",4421
"23 pm",1670
"22 pm",1456
"23 pm",5455
"0 am",2987
"23 pm",3642
"0 am",3156
"1 am",3321
"0 am",868
"1 am",4922
"2 am",511
"0 am",226
"1 am",4731
"2 am",1453
"1 am",4488
"2 am",1625
"3 am",259
"1 am",4015
"2 am",1550
"3 am",705
"1 am",3663
"2 am",1489
"3 am",891
"4 am",127
"1 am",3216
"2 am",1424
"3 am",782
"4 am",613
"1 am",2935
"2 am",1396
"3 am",739
"4 am",713
"5 am",154
"1 am",2587
"2 am",1367
"3 am",695
"4 am",636
"5 am",504
"1 am",2055
"2 am",1345
"3 am",638
"4 am",565
"5 am",814
"6 am",226
"1 am",1481
"2 am",1312
"3 am",610
"4 am",522
"5 am",692
"6 am",940
"1 am",664
"2 am",1295
"3 am",587
"4 am",480
"5 am",614
"6 am",1197
"7 am",436
"2 am",985
"3 am",576
"4 am",456
"5 am",576
"6 am",1079
"7 am",1251
"4 am",313
"5 am",545
"6 am",968
"7 am",1864
"8 am",580
"6 am",745
"7 am",1660
"8 am",1583
"7 am",1306
"8 am",2013
"9 am",537
"7 am",266
"8 am",1733
"9 am",1782
"10 am",747
"8 am",689
"9 am",2343
"10 am",2355
"9 am",1207
"10 am",2920
"11 am",649
"9 am",35
"10 am",1580
"11 am",2109
"10 am",79
"11 am",2629
"12 pm",1042
"11 am",1015
"12 pm",2640
"11 am",469
"12 pm",2378
"13 pm",886
"12 pm",1933
"13 pm",1710
"12 pm",796
"13 pm",2377
"14 pm",709
"13 pm",1442
"14 pm",3313
"14 pm",4176
"15 pm",1456
"14 pm",1226
"15 pm",3939
"15 pm",3400
"16 pm",977
"15 pm",770
"16 pm",4040
"16 pm",3292
"17 pm",1904
"16 pm",1320
"17 pm",3929
"17 pm",3773
"18 pm",993
"17 pm",1541
"18 pm",2977
"17 pm",393
"18 pm",3448
"19 pm",633
"18 pm",1445
"19 pm",3860
"19 pm",3128
"20 pm",1055
"19 pm",1118
"20 pm",3225
"20 pm",3775
"21 pm",1187
"20 pm",146
"21 pm",4915
"21 pm",3873
"22 pm",1949
"22 pm",6273
"22 pm",2670
"23 pm",4287
"23 pm",6754
"0 am",5100
"23 pm",431
"1 am",6489
"1 am",4860
"2 am",1159
"1 am",4278
"2 am",1746
"1 am",3812
"2 am",1890
"3 am",257
"1 am",3479
"2 am",1782
"3 am",624
"1 am",2955
"2 am",1658
"3 am",846
"4 am",232
"1 am",2554
"2 am",1592
"3 am",736
"4 am",618
"1 am",2310
"2 am",1567
"3 am",690
"4 am",677
"5 am",118
"1 am",1892
"2 am",1538
"3 am",636
"4 am",537
"5 am",524
"1 am",1077
"2 am",1493
"3 am",574
"4 am",430
"5 am",810
"6 am",310
"1 am",336
"2 am",1436
"3 am",535
"4 am",376
"5 am",618
"6 am",1034
"2 am",1178
"3 am",506
"4 am",346
"5 am",541
"6 am",1259
"7 am",368
"2 am",677
"3 am",491
"4 am",330
"5 am",505
"6 am",1073
"7 am",998
"3 am",183
"4 am",298
"5 am",452
"6 am",910
"7 am",1498
"8 am",502
"5 am",397
"6 am",860
"7 am",1274
"8 am",1336
"6 am",498
"7 am",1127
"8 am",1734
"9 am",571
"7 am",711
"8 am",1483
"9 am",1736
"10 am",573
"8 am",1003
"9 am",2372
"10 am",1907
"8 am",33
"9 am",2086
"10 am",2441
"11 am",488
"9 am",951
"10 am",2006
"11 am",1879
"10 am",264
"11 am",2569
"12 pm",1086
"11 am",1069
"12 pm",2659
"11 am",341
"12 pm",2493
"13 pm",916
"12 pm",1941
"13 pm",1802
"12 pm",950
"13 pm",2439
"14 pm",651
"12 pm",148
"13 pm",2137
"14 pm",1996
"13 pm",701
"14 pm",2868
"15 pm",802
"14 pm",1606
"15 pm",2933
"15 pm",3417
"16 pm",1217
"15 pm",311
"16 pm",4349
"16 pm",3064
"17 pm",1700
"16 pm",1080
"17 pm",3678
"17 pm",3460
"18 pm",1909
"18 pm",759
"19 pm",6175
"19 pm",5458
"19 pm",2180
"20 pm",2169
"20 pm",4344
"20 pm",3096
"21 pm",1161
"20 pm",413
"21 pm",3701
"21 pm",3154
"22 pm",1030
"21 pm",1167
"22 pm",3081
"22 pm",3459
"23 pm",911
"22 pm",2231
"23 pm",2157
"0 am",1386
"22 pm",464
"23 pm",2679
"0 am",2139
"1 am",1069
"23 pm",1634
"0 am",2022
"1 am",1261
"2 am",269
"23 pm",1323
"0 am",1980
"1 am",1193
"2 am",530
"23 pm",1177
"0 am",1947
"1 am",1141
"2 am",652
"23 pm",990
"3 am",129
"0 am",1922
"1 am",1099
"2 am",588
"23 pm",871
"3 am",344
"0 am",1893
"1 am",1060
"2 am",532
"23 pm",672
"3 am",451
"4 am",187
"0 am",1850
"1 am",1024
"2 am",487
"23 pm",408
"3 am",374
"4 am",593
"0 am",1824
"1 am",999
"2 am",462
"23 pm",217
"3 am",337
"4 am",644
"5 am",202
"0 am",1794
"1 am",970
"2 am",434
"3 am",309
"4 am",541
"5 am",641
"0 am",1230
"1 am",936
"2 am",398
"3 am",267
"4 am",434
"5 am",956
"6 am",343
"0 am",508
"1 am",915
"2 am",369
"3 am",247
"4 am",384
"5 am",778
"6 am",1141
"1 am",552
"2 am",355
"3 am",242
"4 am",363
"5 am",699
"6 am",1298
"7 am",494
"2 am",114
"3 am",238
"4 am",345
"5 am",656
"6 am",1102
"7 am",1229
"5 am",305
"6 am",978
"7 am",1627
"8 am",571
"6 am",397
"7 am",1372
"8 am",1653
"7 am",784
"8 am",2152
"9 am",585
"8 am",1746
"9 am",1946
"10 am",838
"8 am",505
"9 am",2520
"10 am",2046
"9 am",1894
"10 am",2509
"11 am",538
"9 am",855
"10 am",2134
"11 am",1661
"10 am",689
"11 am",2214
"12 pm",938
"11 am",925
"12 pm",3204
"12 pm",1822
"13 pm",2119
"12 pm",568
"13 pm",2983
"13 pm",2243
"14 pm",1251
"13 pm",1068
"14 pm",2861
"14 pm",2894
"15 pm",1337
"14 pm",919
"15 pm",3542
"15 pm",3049
"16 pm",1326
"15 pm",647
"16 pm",3386
"16 pm",2046
"17 pm",3108
"17 pm",6594
"17 pm",3369
"18 pm",3339
"18 pm",5346
"18 pm",2288
"19 pm",2304
"19 pm",4746
"19 pm",2391
"20 pm",1906
"19 pm",133
"20 pm",4094
"20 pm",2734
"21 pm",1364
"20 pm",1303
"21 pm",2859
"21 pm",3251
"22 pm",2038
"21 pm",109
"22 pm",4917
"22 pm",3889
"23 pm",1035
"22 pm",1782
"23 pm",3007
"0 am",1641
"23 pm",3091
"0 am",2373
"1 am",1793
"23 pm",1177
"0 am",2279
"1 am",1792
"2 am",497
"23 pm",812
"0 am",2233
"1 am",1730
"2 am",902
"23 pm",560
"0 am",2201
"1 am",1678
"2 am",1049
"23 pm",368
"3 am",161
"0 am",2142
"1 am",1631
"2 am",932
"23 pm",140
"3 am",612
"0 am",2021
"1 am",1584
"2 am",871
"3 am",789
"4 am",176
"0 am",1705
"1 am",1541
"2 am",808
"3 am",686
"4 am",632
"0 am",1480
"1 am",1518
"2 am",778
"3 am",646
"4 am",747
"5 am",146
"0 am",1139
"1 am",1466
"2 am",750
"3 am",598
"4 am",631
"5 am",594
"0 am",442
"1 am",1428
"2 am",701
"3 am",544
"4 am",531
"5 am",898
"6 am",488
"1 am",1001
"2 am",678
"3 am",505
"4 am",477
"5 am",722
"6 am",1329
"1 am",10
"2 am",658
"3 am",473
"4 am",440
"5 am",643
"6 am",1637
"7 am",437
"3 am",174
"4 am",412
"5 am",596
"6 am",1401
"7 am",1413
"6 am",1215
"7 am",1976
"8 am",614
"6 am",241
"7 am",1705
"8 am",1801
"7 am",938
"8 am",2206
"9 am",692
"7 am",153
"8 am",1928
"9 am",1846
"10 am",1058
"8 am",658
"9 am",2529
"10 am",2572
"9 am",1718
"10 am",3327
"11 am",683
"9 am",229
"10 am",1957
"11 am",2202
"10 am",266
"11 am",3169
"12 pm",1060
"11 am",1246
"12 pm",3332
"12 pm",2712
"13 pm",1591
"12 pm",2111
"13 pm",2182
"12 pm",722
"13 pm",2755
"14 pm",809
"13 pm",2328
"14 pm",2137
"13 pm",876
"14 pm",2793
"15 pm",903
"14 pm",1946
"15 pm",2589
"14 pm",4
"15 pm",2866
"16 pm",1218
"15 pm",954
"16 pm",3128
"15 pm",268
"16 pm",2683
"17 pm",1191
"16 pm",2175
"17 pm",1983
"16 pm",980
"17 pm",2208
"18 pm",789
"16 pm",170
"17 pm",1984
"18 pm",1855
"17 pm",1374
"18 pm",2201
"19 pm",521
"17 pm",502
"18 pm",1989
"19 pm",1838
"18 pm",642
"19 pm",2870
"20 pm",1194
"20 pm",3306
"21 pm",793
"20 pm",1526
"21 pm",2538
"21 pm",3115
"22 pm",1204
"21 pm",884
"22 pm",3717
"22 pm",3687
"23 pm",620
"22 pm",2557
"23 pm",1924
"0 am",1445
"22 pm",880
"23 pm",2417
"0 am",1813
"1 am",1209
"23 pm",2072
"0 am",1695
"1 am",1076
"2 am",581
"23 pm",1742
"0 am",1667
"1 am",1030
"2 am",751
"23 pm",1643
"0 am",1653
"1 am",997
"2 am",753
"23 pm",1553
"3 am",105
"0 am",1614
"1 am",929
"2 am",633
"23 pm",1297
"3 am",477
"0 am",1576
"1 am",876
"2 am",562
"23 pm",1074
"3 am",673
"4 am",137
"0 am",1546
"1 am",838
"2 am",523
"23 pm",857
"3 am",596
"4 am",499
"0 am",1528
"1 am",827
"2 am",487
"23 pm",639
"3 am",533
"4 am",588
"5 am",175
"0 am",1485
"1 am",807
"2 am",466
"23 pm",383
"3 am",479
"4 am",489
"5 am",614
"0 am",1389
"1 am",775
"2 am",449
"3 am",432
"4 am",407
"5 am",890
"6 am",291
"0 am",634
"1 am",741
"2 am",421
"3 am",385
"4 am",366
"5 am",712
"6 am",1102
"0 am",99
"1 am",714
"2 am",397
"3 am",368
"4 am",346
"5 am",652
"6 am",1134
"7 am",485
"1 am",194
"2 am",385
"3 am",352
"4 am",332
"5 am",591
"6 am",1016
"7 am",1140
"4 am",282
"5 am",550
"6 am",912
"7 am",1535
"8 am",483
"5 am",73
"6 am",856
"7 am",1310
"8 am",1313
"6 am",21
"7 am",1212
"8 am",1684
"9 am",612
"7 am",575
"8 am",1487
"9 am",1593
"10 am",652
"8 am",953
"9 am",2370
"10 am",1951
"9 am",1988
"10 am",2329
"11 am",519
"9 am",1138
"10 am",2078
"11 am",1608
"9 am",239
"10 am",818
"11 am",2312
"12 pm",945
"11 am",1552
"12 pm",2532
"11 am",593
"12 pm",2177
"13 pm",1203
"12 pm",1783
"13 pm",2128
"12 pm",562
"13 pm",2304
"14 pm",785
"13 pm",1897
"14 pm",1840
"13 pm",809
"14 pm",2018
"15 pm",899
"14 pm",1661
"15 pm",2167
"14 pm",462
"15 pm",2332
"16 pm",1086
"15 pm",608
"16 pm",3557
"17 pm",560
"16 pm",2998
"17 pm",1880
"16 pm",1954
"17 pm",3063
"17 pm",3632
"18 pm",955
"17 pm",2182
"18 pm",2054
"17 pm",353
"18 pm",2413
"19 pm",1020
"18 pm",1403
"19 pm",2872
"19 pm",4000
"20 pm",836
"19 pm",2327
"20 pm",2328
"20 pm",2104
"21 pm",2196
"20 pm",385
"21 pm",3257
"22 pm",747
"21 pm",2223
"22 pm",2737
"22 pm",4438
"23 pm",848
"22 pm",2834
"23 pm",2296
"0 am",1060
"22 pm",584
"23 pm",2918
"0 am",1736
"1 am",1742
"23 pm",2076
"0 am",1637
"1 am",2254
"2 am",592
"23 pm",1356
"0 am",1596
"1 am",2193
"2 am",1345
"23 pm",888
"0 am",1582
"1 am",2159
"2 am",1771
"23 pm",536
"3 am",237
"0 am",1550
"1 am",2109
"2 am",1695
"23 pm",170
"3 am",882
"0 am",1450
"1 am",2077
"2 am",1638
"3 am",1114
"4 am",173
"0 am",1193
"1 am",2027
"2 am",1588
"3 am",1021
"4 am",617
"0 am",1017
"1 am",2003
"2 am",1569
"3 am",984
"4 am",734
"5 am",154
"0 am",825
"1 am",1978
"2 am",1556
"3 am",944
"4 am",659
"5 am",535
"0 am",204
"1 am",1940
"2 am",1513
"3 am",897
"4 am",553
"5 am",886
"6 am",380
"1 am",1091
"2 am",1489
"3 am",871
"4 am",500
"5 am",758
"6 am",1223
"1 am",46
"2 am",1475
"3 am",859
"4 am",472
"5 am",680
"6 am",1419
"7 am",452
"2 am",319
"3 am",844
"4 am",455
"5 am",635
"6 am",1215
"7 am",1278
"4 am",72
"5 am",584
"6 am",1100
"7 am",1736
"8 am",509
"6 am",749
"7 am",1526
"8 am",1400
"7 am",1069
"8 am",1903
"9 am",814
"7 am",290
"8 am",1725
"9 am",1769
"10 am",521
"8 am",1197
"9 am",2086
"10 am",1604
"8 am",416
"9 am",1853
"10 am",2081
"11 am",572
"9 am",1197
"10 am",1898
"11 am",1434
"9 am",572
"10 am",1111
"11 am",2057
"12 pm",961
"11 am",1269
"12 pm",2945
"11 am",461
"12 pm",2663
"13 pm",1078
"12 pm",2091
"13 pm",2031
"12 pm",784
"13 pm",2564
"14 pm",612
"13 pm",2204
"14 pm",1943
"13 pm",839
"14 pm",2748
"15 pm",758
"14 pm",2022
"15 pm",2642
"14 pm",141
"15 pm",3045
"16 pm",1035
"15 pm",822
"16 pm",2730
"17 pm",112
"16 pm",2161
"17 pm",1605
"16 pm",586
"17 pm",5085
"17 pm",3799
"18 pm",1854
"18 pm",4315
"18 pm",2830
"19 pm",1259
"18 pm",77
"19 pm",4478
"19 pm",3195
"20 pm",1847
"20 pm",4050
"20 pm",2897
"21 pm",2263
"21 pm",5017
"21 pm",3243
"22 pm",1613
"21 pm",295
"22 pm",4283
"22 pm",3628
"23 pm",986
"22 pm",1720
"23 pm",2968
"0 am",1737
"23 pm",2986
"0 am",2280
"1 am",1081
"23 pm",1502
"0 am",2136
"1 am",1219
"2 am",342
"23 pm",1160
"0 am",2092
"1 am",1148
"2 am",575
"23 pm",1012
"0 am",2052
"1 am",1076
"2 am",671
"23 pm",844
"3 am",134
"0 am",2016
"1 am",1012
"2 am",558
"23 pm",632
"3 am",520
"0 am",1982
"1 am",979
"2 am",504
"23 pm",453
"3 am",600
"4 am",163
"0 am",1928
"1 am",942
"2 am",452
"23 pm",114
"3 am",490
"4 am",648
"0 am",1773
"1 am",913
"2 am",408
"3 am",432
"4 am",797
"5 am",203
"0 am",1480
"1 am",882
"2 am",386
"3 am",383
"4 am",682
"5 am",714
"0 am",940
"1 am",844
"2 am",353
"3 am",343
"4 am",555
"5 am",1185
"6 am",350
"0 am",197
"1 am",815
"2 am",332
"3 am",311
"4 am",497
"5 am",971
"6 am",1335
"1 am",300
"2 am",317
"3 am",294
"4 am",468
"5 am",875
"6 am",1578
"7 am",477
"3 am",163
"4 am",447
"5 am",825
"6 am",1344
"7 am",1459
"5 am",480
"6 am",1195
"7 am",1909
"8 am",555
"6 am",759
"7 am",1658
"8 am",1613
"7 am",1214
"8 am",2081
"9 am",901
"7 am",153
"8 am",1842
"9 am",2344
"10 am",690
"8 am",653
"9 am",3086
"10 am",2611
"9 am",2086
"10 am",3597
"11 am",756
"10 am",1825
"11 am",2238
"11 am",2784
"12 pm",1376
"11 am",493
"12 pm",4032
"12 pm",3032
"13 pm",1389
"12 pm",1891
"13 pm",2602
"12 pm",104
"13 pm",3485
"14 pm",1006
"13 pm",1599
"14 pm",2909
"14 pm",3272
"15 pm",1051
"14 pm",1151
"15 pm",2906
"15 pm",2951
"16 pm",1489
"15 pm",307
"16 pm",4731
"17 pm",112
"16 pm",3500
"17 pm",1524
"16 pm",2186
"17 pm",2460
"16 pm",762
"17 pm",2842
"18 pm",739
"17 pm",2019
"18 pm",1984
"17 pm",1082
"18 pm",2419
"19 pm",473
"17 pm",252
"18 pm",2128
"19 pm",1765
"18 pm",1011
"19 pm",2785
"20 pm",1105
"19 pm",2046
"20 pm",3524
"20 pm",4490
"21 pm",763
"20 pm",2232
"21 pm",2418
"21 pm",4260
"22 pm",1331
"21 pm",394
"22 pm",5028
"22 pm",3708
"23 pm",2001
"22 pm",750
"23 pm",5754
"0 am",4015
"23 pm",2673
"0 am",4484
"1 am",1968
"0 am",3151
"1 am",2517
"2 am",614
"0 am",2895
"1 am",2356
"2 am",978
"0 am",2656
"1 am",2301
"2 am",1061
"3 am",129
"0 am",2459
"1 am",2267
"2 am",996
"3 am",360
"0 am",2261
"1 am",2241
"2 am",967
"3 am",470
"4 am",111
"0 am",1935
"1 am",2194
"2 am",920
"3 am",393
"4 am",480
"0 am",1761
"1 am",2164
"2 am",887
"3 am",364
"4 am",545
"5 am",114
"0 am",1490
"1 am",2138
"2 am",855
"3 am",343
"4 am",462
"5 am",428
"0 am",999
"1 am",2100
"2 am",821
"3 am",313
"4 am",383
"5 am",664
"6 am",226
"0 am",113
"1 am",2056
"2 am",783
"3 am",289
"4 am",334
"5 am",513
"6 am",1001
"1 am",1374
"2 am",763
"3 am",272
"4 am",318
"5 am",445
"6 am",1222
"7 am",277
"1 am",609
"2 am",749
"3 am",263
"4 am",306
"5 am",414
"6 am",1052
"7 am",859
"2 am",361
"3 am",254
"4 am",293
"5 am",381
"6 am",916
"7 am",1293
"8 am",359
"4 am",156
"5 am",362
"6 am",880
"7 am",1110
"8 am",1156
"6 am",729
"7 am",999
"8 am",1404
"9 am",443
"6 am",18
"7 am",950
"8 am",1173
"9 am",1391
"10 am",536
"7 am",182
"8 am",1086
"9 am",1897
"10 am",1810
"8 am",411
"9 am",1684
"10 am",2214
"11 am",498
"9 am",1208
"10 am",2006
"11 am",2519
"9 am",111
"11 am",3568
"12 pm",944
"11 am",890
"12 pm",3253
"11 am",59
"12 pm",3114
"13 pm",1004
"12 pm",2193
"13 pm",2234
"12 pm",294
"13 pm",3514
"14 pm",710
"13 pm",2645
"14 pm",1824
"13 pm",629
"14 pm",2575
"15 pm",1515
"15 pm",5808
"15 pm",2213
"16 pm",1686
"16 pm",5593
"16 pm",2718
"17 pm",3069
"17 pm",4728
"17 pm",3576
"18 pm",1633
"18 pm",5421
"18 pm",4138
"19 pm",1192
"18 pm",854
"19 pm",3268
"19 pm",3115
"20 pm",1381
"19 pm",340
"20 pm",4459
"20 pm",3572
"21 pm",1099
"20 pm",615
"21 pm",4177
"21 pm",3380
"22 pm",1470
"22 pm",5728
"22 pm",3736
"23 pm",1867
"23 pm",5621
"0 am",3981
"23 pm",2688
"0 am",4032
"1 am",2207
"0 am",3663
"1 am",2162
"2 am",355
"0 am",3475
"1 am",2100
"2 am",550
"0 am",3257
"1 am",2055
"2 am",612
"3 am",118
"0 am",3042
"1 am",2023
"2 am",549
"3 am",350
"0 am",2702
"1 am",1973
"2 am",479
"3 am",464
"4 am",188
"0 am",2373
"1 am",1929
"2 am",430
"3 am",396
"4 am",585
"0 am",2115
"1 am",1906
"2 am",411
"3 am",364
"4 am",644
"5 am",143
"0 am",1620
"1 am",1848
"2 am",383
"3 am",304
"4 am",534
"5 am",629
"0 am",1164
"1 am",1808
"2 am",354
"3 am",279
"4 am",468
"5 am",811
"6 am",259
"0 am",364
"1 am",1774
"2 am",332
"3 am",258
"4 am",399
"5 am",640
"6 am",984
"1 am",1371
"2 am",317
"3 am",244
"4 am",364
"5 am",558
"6 am",1205
"7 am",388
"1 am",578
"2 am",309
"3 am",234
"4 am",332
"5 am",516
"6 am",1009
"7 am",1077
"2 am",12
"3 am",223
"4 am",308
"5 am",476
"6 am",876
"7 am",1534
"8 am",429
"4 am",5
"5 am",450
"6 am",829
"7 am",1303
"8 am",1272
"6 am",719
"7 am",1185
"8 am",1580
"9 am",404
"6 am",97
"7 am",1117
"8 am",1359
"9 am",1288
"10 am",536
"7 am",419
"8 am",1261
"9 am",1644
"10 am",1450
"8 am",869
"9 am",1434
"10 am",1837
"11 am",430
"8 am",113
"9 am",1361
"10 am",1598
"11 am",1410
"9 am",669
"10 am",984
"11 am",1864
"12 pm",779
"11 am",1486
"12 pm",2055
"11 am",901
"12 pm",1858
"13 pm",825
"11 am",342
"12 pm",1703
"13 pm",1609
"12 pm",455
"13 pm",2734
"14 pm",988
"13 pm",1929
"14 pm",2265
"13 pm",34
"14 pm",3023
"15 pm",970
"14 pm",1312
"15 pm",2934
"15 pm",3035
"16 pm",1518
"16 pm",3973
"16 pm",2387
"17 pm",1996
"16 pm",1211
"17 pm",3896
"17 pm",3042
"18 pm",3883
"18 pm",7400
"18 pm",1477
"19 pm",4294
"19 pm",4883
"19 pm",2420
"20 pm",1846
"20 pm",4205
"20 pm",3086
"21 pm",1361
"21 pm",4231
"21 pm",3027
"22 pm",1238
"21 pm",912
"22 pm",3467
"22 pm",3515
"23 pm",812
"22 pm",1759
"23 pm",2317
"0 am",1420
"23 pm",2542
"0 am",2207
"1 am",1968
"23 pm",479
"0 am",2133
"1 am",1798
"2 am",507
"23 pm",220
"0 am",2105
"1 am",1737
"2 am",725
"23 pm",120
"0 am",2085
"1 am",1680
"2 am",780
"23 pm",17
"3 am",103
"0 am",1824
"1 am",1608
"2 am",642
"3 am",525
"0 am",1668
"1 am",1570
"2 am",593
"3 am",629
"4 am",139
"0 am",1438
"1 am",1538
"2 am",553
"3 am",526
"4 am",510
"0 am",1268
"1 am",1519
"2 am",533
"3 am",489
"4 am",599
"5 am",159
"0 am",966
"1 am",1491
"2 am",504
"3 am",445
"4 am",517
"5 am",554
"0 am",415
"1 am",1455
"2 am",474
"3 am",383
"4 am",428
"5 am",843
"6 am",327
"1 am",1123
"2 am",451
"3 am",349
"4 am",384
"5 am",668
"6 am",1181
"1 am",151
"2 am",430
"3 am",322
"4 am",357
"5 am",608
"6 am",1423
"7 am",525
"3 am",176
"4 am",340
"5 am",558
"6 am",1228
"7 am",1406
"6 am",1015
"7 am",1894
"8 am",676
"6 am",78
"7 am",1636
"8 am",1810
"7 am",791
"8 am",2197
"9 am",631
"8 am",1766
"9 am",1781
"10 am",745
"8 am",820
"9 am",2170
"10 am",2207
"9 am",1585
"10 am",2707
"11 am",663
"9 am",435
"10 am",1824
"11 am",2073
"10 am",432
"11 am",2735
"12 pm",915
"11 am",1347
"12 pm",2983
"11 am",453
"12 pm",2623
"13 pm",1272
"12 pm",1916
"13 pm",2504
"12 pm",22
"13 pm",3344
"14 pm",940
"13 pm",1318
"14 pm",2492
"14 pm",2660
"15 pm",822
"14 pm",948
"15 pm",2606
"15 pm",2610
"16 pm",1589
"16 pm",6563
"16 pm",2881
"17 pm",2453
"16 pm",1194
"17 pm",4180
"17 pm",2787
"18 pm",3450
"18 pm",4804
"18 pm",3245
"19 pm",1281
"18 pm",372
"19 pm",4263
"19 pm",3405
"20 pm",1409
"19 pm",853
"20 pm",3611
"20 pm",3314
"21 pm",883
"20 pm",1331
"21 pm",2983
"21 pm",3304
"22 pm",849
"21 pm",1686
"22 pm",2405
"21 pm",474
"22 pm",3013
"23 pm",658
"22 pm",2339
"23 pm",1846
"0 am",1132
"22 pm",968
"23 pm",2218
"0 am",1709
"1 am",1224
"23 pm",1723
"0 am",1587
"1 am",1587
"2 am",322
"23 pm",1313
"0 am",1552
"1 am",1529
"2 am",519
"23 pm",1212
"0 am",1519
"1 am",1475
"2 am",621
"23 pm",1092
"3 am",119
"0 am",1479
"1 am",1400
"2 am",548
"23 pm",941
"3 am",488
"0 am",1451
"1 am",1360
"2 am",495
"23 pm",819
"3 am",638
"4 am",132
"0 am",1401
"1 am",1303
"2 am",468
"23 pm",578
"3 am",530
"4 am",560
"0 am",1374
"1 am",1263
"2 am",444
"23 pm",396
"3 am",494
"4 am",641
"5 am",188
"0 am",1348
"1 am",1231
"2 am",424
"23 pm",122
"3 am",443
"4 am",513
"5 am",657
"0 am",807
"1 am",1164
"2 am",374
"3 am",370
"4 am",398
"5 am",1048
"6 am",467
"0 am",101
"1 am",1129
"2 am",345
"3 am",347
"4 am",363
"5 am",843
"6 am",1346
"1 am",464
"2 am",335
"3 am",331
"4 am",335
"5 am",737
"6 am",1570
"7 am",477
"3 am",259
"4 am",312
"5 am",669
"6 am",1336
"7 am",1400
"5 am",314
"6 am",1224
"7 am",1930
"8 am",506
"6 am",703
"7 am",1705
"8 am",1597
"7 am",1262
"8 am",2139
"9 am",682
"8 am",1784
"9 am",2079
"10 am",711
"8 am",666
"9 am",2482
"10 am",2731
"9 am",1153
"10 am",3037
"11 am",926
"10 am",1766
"11 am",2114
"11 am",2708
"12 pm",1319
"11 am",653
"12 pm",3448
"12 pm",2664
"13 pm",1465
"12 pm",1189
"13 pm",3953
"13 pm",4366
"14 pm",873
"13 pm",996
"14 pm",3212
"14 pm",3031
"15 pm",1053
"14 pm",918
"15 pm",3772
"15 pm",3203
"16 pm",1132
"15 pm",527
"16 pm",3062
"16 pm",2157
"17 pm",1399
"16 pm",1492
"17 pm",2040
"16 pm",275
"17 pm",2636
"18 pm",794
"17 pm",1045
"18 pm",3316
"18 pm",3415
"19 pm",1058
"18 pm",1274
"19 pm",2849
"19 pm",3258
"20 pm",897
"19 pm",1741
"20 pm",2575
"20 pm",3554
"21 pm",881
"20 pm",2096
"21 pm",2835
"20 pm",577
"21 pm",3830
"22 pm",903
"21 pm",2729
"22 pm",2467
"21 pm",1275
"22 pm",3126
"23 pm",563
"21 pm",283
"22 pm",2918
"23 pm",1747
"0 am",1982
"22 pm",845
"23 pm",2623
"0 am",2912
"1 am",976
"23 pm",1749
"0 am",2825
"1 am",1169
"2 am",251
"23 pm",1423
"0 am",2810
"1 am",1117
"2 am",402
"23 pm",1314
"0 am",2773
"1 am",1063
"2 am",490
"23 pm",1137
"3 am",126
"0 am",2741
"1 am",1018
"2 am",422
"23 pm",984
"3 am",389
"0 am",2701
"1 am",975
"2 am",386
"23 pm",828
"3 am",455
"4 am",159
"0 am",2665
"1 am",947
"2 am",362
"23 pm",609
"3 am",388
"4 am",457
"0 am",2651
"1 am",935
"2 am",356
"23 pm",441
"3 am",360
"4 am",504
"5 am",120
"0 am",2631
"1 am",913
"2 am",336
"23 pm",137
"3 am",327
"4 am",404
"5 am",485
"0 am",2119
"1 am",879
"2 am",313
"3 am",288
"4 am",344
"5 am",742
"6 am",296
"0 am",1361
"1 am",851
"2 am",298
"3 am",251
"4 am",295
"5 am",587
"6 am",1054
"0 am",577
"1 am",825
"2 am",289
"3 am",236
"4 am",269
"5 am",535
"6 am",1234
"7 am",437
"1 am",402
"2 am",279
"3 am",214
"4 am",255
"5 am",485
"6 am",1023
"7 am",1560
"4 am",80
"5 am",449
"6 am",943
"7 am",1895
"8 am",562
"6 am",553
"7 am",1698
"8 am",1452
"7 am",1250
"8 am",1756
"9 am",515
"7 am",313
"8 am",1525
"9 am",1525
"10 am",1051
"8 am",116
"9 am",2390
"10 am",2233
"9 am",1339
"10 am",2775
"11 am",689
"9 am",67
"10 am",1789
"11 am",2001
"10 am",290
"11 am",2624
"12 pm",946
"11 am",630
"12 pm",3440
"12 pm",2541
"13 pm",1302
"12 pm",1181
"13 pm",2326
"12 pm",1
"13 pm",2924
"14 pm",722
"13 pm",1812
"14 pm",1997
"13 pm",379
"14 pm",2737
"15 pm",840
"14 pm",1564
"15 pm",2100
"14 pm",31
"15 pm",2412
"16 pm",1186
"15 pm",947
"16 pm",2877
"16 pm",2316
"17 pm",1491
"16 pm",1530
"17 pm",2240
"16 pm",167
"17 pm",2754
"18 pm",957
"17 pm",1615
"18 pm",2257
"17 pm",364
"18 pm",2700
"19 pm",1035
"18 pm",1027
"19 pm",3028
"19 pm",2924
"20 pm",1246
"19 pm",987
"20 pm",3128
"20 pm",3303
"21 pm",1375
"21 pm",7017
"21 pm",4143
"22 pm",1571
"21 pm",398
"22 pm",4519
"22 pm",3754
"23 pm",904
"22 pm",1864
"23 pm",2931
"0 am",2253
"23 pm",2926
"0 am",2924
"1 am",2024
"23 pm",413
"0 am",2840
"1 am",1942
"2 am",457
"23 pm",52
"0 am",2724
"1 am",1895
"2 am",662
"0 am",2616
"1 am",1878
"2 am",681
"3 am",95
"0 am",2455
"1 am",1844
"2 am",606
"3 am",362
"0 am",2214
"1 am",1805
"2 am",560
"3 am",516
"4 am",114
"0 am",1835
"1 am",1734
"2 am",487
"3 am",414
"4 am",657
"0 am",1691
"1 am",1719
"2 am",465
"3 am",397
"4 am",699
"5 am",131
"0 am",1420
"1 am",1696
"2 am",444
"3 am",368
"4 am",590
"5 am",559
"0 am",714
"1 am",1657
"2 am",403
"3 am",318
"4 am",497
"5 am",940
"6 am",428
"1 am",1588
"2 am",376
"3 am",289
"4 am",441
"5 am",765
"6 am",1426
"1 am",810
"2 am",363
"3 am",277
"4 am",416
"5 am",704
"6 am",1610
"7 am",375
"2 am",273
"3 am",268
"4 am",401
"5 am",668
"6 am",1406
"7 am",1206
"5 am",445
"6 am",1244
"7 am",1658
"8 am",537
"6 am",577
"7 am",1416
"8 am",1599
"7 am",1088
"8 am",1838
"9 am",533
"7 am",323
"8 am",1612
"9 am",1558
"10 am",863
"8 am",679
"9 am",2267
"10 am",1972
"9 am",1969
"10 am",2394
"11 am",560
"9 am",923
"10 am",2142
"11 am",1525
"9 am",14
"10 am",837
"11 am",1927
"12 pm",751
"11 am",1185
"12 pm",2775
"11 am",453
"12 pm",2586
"13 pm",1281
"12 pm",1978
"13 pm",2853
"12 pm",273
"13 pm",3863
"14 pm",791
"13 pm",2622
"14 pm",2136
"13 pm",779
"14 pm",2962
"15 pm",660
"14 pm",2214
"15 pm",2002
"14 pm",1016
"15 pm",2302
"16 pm",749
"15 pm",1511
"16 pm",2194
"15 pm",862
"16 pm",1830
"17 pm",918
"15 pm",378
"16 pm",1707
"17 pm",1458
"16 pm",1173
"17 pm",1693
"18 pm",729
"17 pm",1466
"18 pm",2312
"17 pm",471
"18 pm",2713
"19 pm",707
"18 pm",1799
"19 pm",2032
"18 pm",74
"19 pm",2966
"20 pm",782
"19 pm",1749
"20 pm",2166
"19 pm",561
"20 pm",2763
"21 pm",545
"20 pm",1800
"21 pm",2321
"20 pm",403
"21 pm",3119
"22 pm",866
"21 pm",2228
"22 pm",1973
"21 pm",991
"22 pm",2545
"23 pm",537
"21 pm",160
"22 pm",2375
"23 pm",1616
"0 am",2865
"23 pm",3101
"0 am",1632
"1 am",3563
"0 am",829
"1 am",3287
"2 am",850
"0 am",557
"1 am",3231
"2 am",1154
"0 am",318
"1 am",3204
"2 am",1249
"3 am",146
"0 am",150
"1 am",3171
"2 am",1168
"3 am",356
"1 am",2942
"2 am",1072
"3 am",523
"4 am",178
"1 am",2508
"2 am",1022
"3 am",445
"4 am",591
"1 am",2270
"2 am",980
"3 am",411
"4 am",661
"5 am",154
"1 am",1927
"2 am",939
"3 am",380
"4 am",570
"5 am",529
"1 am",1265
"2 am",902
"3 am",335
"4 am",472
"5 am",787
"6 am",319
"1 am",744
"2 am",866
"3 am",316
"4 am",417
"5 am",613
"6 am",1030
"1 am",299
"2 am",829
"3 am",302
"4 am",374
"5 am",540
"6 am",1184
"7 am",425
"2 am",487
"3 am",289
"4 am",358
"5 am",511
"6 am",1019
"7 am",1716
"5 am",24
"6 am",904
"7 am",3168
"8 am",864
"7 am",2478
"8 am",3131
"7 am",304
"8 am",4284
"9 am",724
"8 am",2680
"9 am",2555
"10 am",1266
"9 am",3309
"10 am",2777
"9 am",1628
"10 am",3442
"11 am",832
"10 am",1789
"11 am",2347
"11 am",3105
"12 pm",1076
"11 am",1101
"12 pm",3178
"11 am",213
"12 pm",2892
"13 pm",1248
"12 pm",1908
"13 pm",2806
"13 pm",4324
"14 pm",1131
"13 pm",2013
"14 pm",3237
"14 pm",3909
"15 pm",816
"14 pm",2217
"15 pm",2240
"14 pm",371
"15 pm",3001
"16 pm",1049
"15 pm",1118
"16 pm",3397
"15 pm",215
"16 pm",3119
"17 pm",1148
"16 pm",1290
"17 pm",3201
"17 pm",3212
"18 pm",988
"17 pm",1282
"18 pm",2850
"17 pm",13
"18 pm",3220
"19 pm",711
"18 pm",1431
"19 pm",2352
"18 pm",275
"19 pm",2918
"20 pm",743
"19 pm",2224
"20 pm",1859
"19 pm",1112
"20 pm",2729
"21 pm",495
"19 pm",215
"20 pm",2488
"21 pm",1885
"20 pm",483
"21 pm",3446
"22 pm",964
"21 pm",1803
"22 pm",2900
"22 pm",3954
"23 pm",898
"22 pm",1795
"23 pm",3515
"0 am",3712
"23 pm",2415
"0 am",3701
"1 am",2947
"0 am",686
"1 am",4191
"2 am",1199
"0 am",24
"1 am",4077
"2 am",2014
"1 am",3883
"2 am",2076
"3 am",159
"1 am",3659
"2 am",1987
"3 am",460
"1 am",3410
"2 am",1914
"3 am",614
"4 am",122
"1 am",3088
"2 am",1841
"3 am",527
"4 am",523
"1 am",2895
"2 am",1811
"3 am",500
"4 am",588
"5 am",105
"1 am",2529
"2 am",1778
"3 am",473
"4 am",474
"5 am",512
"1 am",1942
"2 am",1724
"3 am",434
"4 am",381
"5 am",787
"6 am",253
"1 am",1129
"2 am",1638
"3 am",388
"4 am",335
"5 am",625
"6 am",1081
"1 am",381
"2 am",1608
"3 am",373
"4 am",309
"5 am",535
"6 am",1258
"7 am",376
"2 am",1339
"3 am",361
"4 am",289
"5 am",489
"6 am",1076
"7 am",1088
"2 am",392
"3 am",351
"4 am",267
"5 am",450
"6 am",945
"7 am",1493
"8 am",480
"3 am",47
"4 am",259
"5 am",433
"6 am",908
"7 am",1309
"8 am",1239
"5 am",218
"6 am",871
"7 am",1219
"8 am",1583
"9 am",333
"6 am",257
"7 am",1162
"8 am",1388
"9 am",1433
"10 am",631
"7 am",211
"8 am",1276
"9 am",2171
"10 am",1678
"8 am",485
"9 am",1989
"10 am",2143
"11 am",476
"9 am",1545
"10 am",1891
"11 am",1686
"9 am",402
"10 am",1095
"11 am",2086
"12 pm",676
"10 am",63
"11 am",1878
"12 pm",1821
"11 am",1338
"12 pm",1629
"13 pm",615
"11 am",833
"12 pm",1497
"13 pm",1163
"11 am",162
"12 pm",1379
"13 pm",1509
"14 pm",352
"12 pm",1052
"13 pm",1270
"14 pm",1233
"13 pm",908
"14 pm",2167
"15 pm",900
"14 pm",1079
"15 pm",2786
"15 pm",2886
"16 pm",1105
"15 pm",580
"16 pm",3012
"16 pm",2485
"17 pm",1116
"16 pm",1359
"17 pm",2299
"16 pm",217
"17 pm",2742
"18 pm",877
"17 pm",1750
"18 pm",2428
"17 pm",642
"18 pm",2790
"19 pm",687
"18 pm",2235
"19 pm",1905
"18 pm",424
"19 pm",2666
"20 pm",850
"19 pm",1993
"20 pm",2029
"19 pm",155
"20 pm",3725
"21 pm",937
"20 pm",1013
"21 pm",4355
"21 pm",3406
"22 pm",1707
"22 pm",5272
"22 pm",3282
"23 pm",2005
"23 pm",5773
"0 am",3843
"23 pm",2946
"0 am",2961
"1 am",2513
"0 am",2433
"1 am",2413
"2 am",516
"0 am",2263
"1 am",2339
"2 am",729
"0 am",2092
"1 am",2252
"2 am",792
"3 am",152
"0 am",1780
"1 am",2166
"2 am",696
"3 am",593
"0 am",1468
"1 am",2093
"2 am",640
"3 am",775
"4 am",205
"0 am",1142
"1 am",2029
"2 am",605
"3 am",643
"4 am",663
"0 am",965
"1 am",2015
"2 am",591
"3 am",618
"4 am",742
"5 am",99
"0 am",787
"1 am",1987
"2 am",573
"3 am",586
"4 am",632
"5 am",427
"0 am",266
"1 am",1928
"2 am",544
"3 am",523
"4 am",526
"5 am",778
"6 am",342
"1 am",1616
"2 am",526
"3 am",490
"4 am",481
"5 am",640
"6 am",1028
"1 am",1069
"2 am",526
"3 am",471
"4 am",444
"5 am",584
"6 am",1302
"7 am",288
"1 am",629
"2 am",504
"3 am",454
"4 am",416
"5 am",552
"6 am",1116
"7 am",1002
"2 am",430
"3 am",433
"4 am",395
"5 am",509
"6 am",991
"7 am",1442
"8 am",397
"3 am",328
"4 am",378
"5 am",480
"6 am",926
"7 am",1257
"8 am",1151
"4 am",34
"5 am",461
"6 am",889
"7 am",1162
"8 am",1539
"9 am",393
"6 am",728
"7 am",1110
"8 am",1319
"9 am",1294
"10 am",499
"7 am",897
"8 am",1217
"9 am",1747
"10 am",1427
"7 am",110
"8 am",1162
"9 am",1572
"10 am",1883
"11 am",477
"8 am",345
"9 am",1459
"10 am",1650
"11 am",1490
"9 am",838
"10 am",900
"11 am",2104
"12 pm",827
"11 am",1532
"12 pm",2177
"11 am",998
"12 pm",2009
"13 pm",702
"11 am",464
"12 pm",1855
"13 pm",1427
"12 pm",1157
"13 pm",1908
"14 pm",731
"12 pm",224
"13 pm",1686
"14 pm",1947
"13 pm",302
"14 pm",2840
"15 pm",707
"14 pm",1481
"15 pm",2353
"14 pm",205
"15 pm",2712
"16 pm",883
"15 pm",299
"16 pm",3585
"16 pm",2694
"17 pm",1235
"16 pm",1455
"17 pm",2493
"17 pm",3579
"18 pm",1387
"18 pm",6547
"18 pm",3575
"19 pm",3219
"19 pm",5058
"19 pm",1105
"20 pm",3583
"20 pm",3547
"21 pm",876
"20 pm",1296
"21 pm",3139
"21 pm",3598
"22 pm",985
"21 pm",1752
"22 pm",2999
"22 pm",4309
"23 pm",873
"22 pm",2979
"23 pm",2277
"0 am",1910
"22 pm",515
"23 pm",3090
"0 am",2744
"1 am",1563
"23 pm",1722
"0 am",2670
"1 am",1479
"2 am",445
"23 pm",1419
"0 am",2638
"1 am",1442
"2 am",642
"23 pm",1281
"0 am",2603
"1 am",1417
"2 am",687
"23 pm",1158
"3 am",130
"0 am",2560
"1 am",1377
"2 am",614
"23 pm",925
"3 am",498
"0 am",2522
"1 am",1339
"2 am",570
"23 pm",699
"3 am",633
"4 am",154
"0 am",2482
"1 am",1316
"2 am",537
"23 pm",362
"3 am",531
"4 am",563
"0 am",2456
"1 am",1294
"2 am",516
"23 pm",165
"3 am",495
"4 am",660
"5 am",147
"0 am",2340
"1 am",1268
"2 am",494
"3 am",457
"4 am",563
"5 am",538
"0 am",1770
"1 am",1238
"2 am",467
"3 am",400
"4 am",450
"5 am",908
"6 am",269
"0 am",1070
"1 am",1212
"2 am",445
"3 am",372
"4 am",389
"5 am",764
"6 am",954
"0 am",366
"1 am",1198
"2 am",430
"3 am",357
"4 am",364
"5 am",695
"6 am",1215
"7 am",320
"1 am",587
"2 am",422
"3 am",340
"4 am",351
"5 am",642
"6 am",1045
"7 am",1151
"2 am",32
"3 am",326
"4 am",330
"5 am",599
"6 am",927
"7 am",1647
"8 am",413
"5 am",431
"6 am",880
"7 am",1461
"8 am",1399
"7 am",665
"8 am",1611
"9 am",1674
"10 am",613
"8 am",1230
"9 am",2137
"10 am",1640
"8 am",283
"9 am",1906
"10 am",2092
"11 am",506
"9 am",1173
"10 am",1820
"11 am",1586
"9 am",335
"10 am",831
"11 am",2407
"12 pm",819
"11 am",1690
"12 pm",2569
"13 pm",134
"11 am",893
"12 pm",2192
"13 pm",1223
"11 am",445
"12 pm",2131
"13 pm",1617
"12 pm",1782
"13 pm",1900
"14 pm",439
"12 pm",948
"13 pm",1626
"14 pm",1436
"13 pm",1376
"14 pm",1970
"15 pm",568
"13 pm",408
"14 pm",1705
"15 pm",1787
"14 pm",1060
"15 pm",2004
"16 pm",1215
"16 pm",6079
"16 pm",2801
"17 pm",2063
"16 pm",1054
"17 pm",4225
"17 pm",2501
"18 pm",4665
"18 pm",4804
"18 pm",2993
"19 pm",1156
"18 pm",733
"19 pm",3445
"19 pm",2886
"20 pm",1072
"19 pm",907
"20 pm",3147
"20 pm",3117
"21 pm",879
"20 pm",1500
"21 pm",2400
"21 pm",3304
"22 pm",886
"21 pm",2043
"22 pm",2398
"21 pm",712
"22 pm",3290
"23 pm",693
"22 pm",2247
"23 pm",3181
"0 am",2306
"23 pm",3316
"0 am",2650
"1 am",1050
"23 pm",1129
"0 am",2579
"1 am",976
"2 am",290
"23 pm",897
"0 am",2524
"1 am",891
"2 am",551
"23 pm",687
"0 am",2496
"1 am",843
"2 am",627
"23 pm",496
"3 am",136
"0 am",2444
"1 am",807
"2 am",559
"23 pm",308
"3 am",432
