"value","n","date"
"@tweetoracle",4,2021-06-30
"@its_tuxtorlan",2,2021-06-30
"@olubadancomedy:",2,2021-06-30
"@bonimray:",1,2021-06-30
"@ebuka",1,2021-06-30
"@favour73468698:",1,2021-06-30
"@mercymore30:",1,2021-06-30
"@miz_chy:",1,2021-06-30
"@officialcruizt:",1,2021-06-30
"@omose_sylvester",1,2021-06-30
"@shady_gift55:",1,2021-06-30
"@sikhule61214361:",1,2021-06-30
"@thebrighto:",1,2021-06-30
"@unclepamilerin:",3,2021-07-24
"@boma_akpore:",2,2021-07-24
"@emmanuel_bbn:",2,2021-07-24
"@maziibe_:",2,2021-07-24
"@shawnifee:",2,2021-07-24
"@yusuf_adamm:",2,2021-07-24
"@afriqteen:",1,2021-07-24
"@cdcareng:",1,2021-07-24
"@chica_champagne:",1,2021-07-24
"@chocolekan",1,2021-07-24
"@dammiedammie35:",1,2021-07-24
"@danielriwo:",1,2021-07-24
"@drpenking:",1,2021-07-24
"@dstv",1,2021-07-24
"@dstvcare",1,2021-07-24
"@ebuka:",1,2021-07-24
"@ebyfyn:",1,2021-07-24
"@eddiepages:",1,2021-07-24
"@edgaljovi:",1,2021-07-24
"@erigganewmoney:",1,2021-07-24
"@evansted101:",1,2021-07-24
"@fanclubnig:",1,2021-07-24
"@gistloversblog1:",1,2021-07-24
"@graciouszs:",1,2021-07-24
"@havilasauce:",1,2021-07-24
"@holardamolar:",1,2021-07-24
"@icy_sonie:",1,2021-07-24
"@itzbasito:",1,2021-07-24
"@kazolumide:",1,2021-07-24
"@khanxa_menze:",1,2021-07-24
"@la_j0lz:",1,2021-07-24
"@manlikeicey:",1,2021-07-24
"@mayorspeaks:",1,2021-07-24
"@meettherichard:",1,2021-07-24
"@mhorreriches:",1,2021-07-24
"@olorisupergal:",1,2021-07-24
"@olufemiloye:",1,2021-07-24
"@omokiikan:",1,2021-07-24
"@onyii_chichi:",1,2021-07-24
"@papinla_:",1,2021-07-24
"@purppleunicorrn:",1,2021-07-24
"@remmzor_ybnl:",1,2021-07-24
"@savagevinegar1:",1,2021-07-24
"@semako_pr:",1,2021-07-24
"@shaluwahmuslim1:",1,2021-07-24
"@smithie___:",1,2021-07-24
"@swagger_jeffrey:",1,2021-07-24
"@teekay1634:",1,2021-07-24
"@temigomez:",1,2021-07-24
"@thats_austyn:",1,2021-07-24
"@thesheddyking:",1,2021-07-24
"@tife_fabunmi:",1,2021-07-24
"@tricia_k_nella:",1,2021-07-24
"@unclemohamz:",1,2021-07-24
"@updateboyx:",1,2021-07-24
"@urpapadeycraze:",1,2021-07-24
"@verraofficial_:",1,2021-07-24
"@yerln_a:",1,2021-07-24
"@zee_zhu_:",1,2021-07-24
"@unclepamilerin:",6,2021-07-24
"@dammiedammie35:",5,2021-07-24
"@maziibe_:",5,2021-07-24
"@cutestpristine:",3,2021-07-24
"@emmanuel_bbn:",3,2021-07-24
"@erigganewmoney:",3,2021-07-24
"@gistloversblog1:",3,2021-07-24
"@shawnifee:",3,2021-07-24
"@smithie___:",3,2021-07-24
"@alex_houseof308:",2,2021-07-24
"@bbnaija_gossip:",2,2021-07-24
"@boma_akpore:",2,2021-07-24
"@chocolekan",2,2021-07-24
"@cutestpristine",2,2021-07-24
"@danny_walterr:",2,2021-07-24
"@dee1dynasty:",2,2021-07-24
"@dharmie_q:",2,2021-07-24
"@ebuka:",2,2021-07-24
"@engr_series:",2,2021-07-24
"@nick_nake:",2,2021-07-24
"@olorisupergal:",2,2021-07-24
"@papinla_:",2,2021-07-24
"@provii8:",2,2021-07-24
"@realsnowlove:",2,2021-07-24
"@updateboyx:",2,2021-07-24
"@victorisrael_:",2,2021-07-24
"@vp",2,2021-07-24
"@yarkafanchan:",2,2021-07-24
"@yusuf_adamm:",2,2021-07-24
"@a_ahlume:",1,2021-07-24
"@ade_wealth_:",1,2021-07-24
"@afriqteen:",1,2021-07-24
"@aghahowadaniel_",1,2021-07-24
"@assistantebukaa:",1,2021-07-24
"@atimcharlotte:",1,2021-07-24
"@awedavid_:",1,2021-07-24
"@ayomidelyn:",1,2021-07-24
"@babyboss89:",1,2021-07-24
"@backupforcarl:",1,2021-07-24
"@bbnaija",1,2021-07-24
"@bhadmusakeem:",1,2021-07-24
"@blessedicon2:",1,2021-07-24
"@britikoplease:",1,2021-07-24
"@burabari_david:",1,2021-07-24
"@cdcareng:",1,2021-07-24
"@chica_champagne:",1,2021-07-24
"@chime_szn:",1,2021-07-24
"@cruisequeenn:",1,2021-07-24
"@ctracyl:",1,2021-07-24
"@dami93995581:",1,2021-07-24
"@danielriwo:",1,2021-07-24
"@dayzeedabz:",1,2021-07-24
"@de_gorgeousp:",1,2021-07-24
"@deniiks_:",1,2021-07-24
"@dharmieking:",1,2021-07-24
"@dr_youngy:",1,2021-07-24
"@drpenking:",1,2021-07-24
"@dstv",1,2021-07-24
"@dstvcare",1,2021-07-24
"@ebyfyn:",1,2021-07-24
"@eddiepages:",1,2021-07-24
"@edgaljovi:",1,2021-07-24
"@emmanuellmoh:",1,2021-07-24
"@eniturn:",1,2021-07-24
"@ericanlewedim",1,2021-07-24
"@esther__nankya:",1,2021-07-24
"@et_logistics",1,2021-07-24
"@evansted101:",1,2021-07-24
"@eyenocare1:",1,2021-07-24
"@fanclubnig:",1,2021-07-24
"@filaman19:",1,2021-07-24
"@firstladyship:",1,2021-07-24
"@folabi_26:",1,2021-07-24
"@freshtvhub:",1,2021-07-24
"@funmbie:",1,2021-07-24
"@gbrilelnino:",1,2021-07-24
"@gistreel:",1,2021-07-24
"@graciouszs:",1,2021-07-24
"@havilasauce:",1,2021-07-24
"@hibrohadey1:",1,2021-07-24
"@holardamolar:",1,2021-07-24
"@honiitel:",1,2021-07-24
"@i___am_____id:",1,2021-07-24
"@i_am_bash06:",1,2021-07-24
"@iam__claire:",1,2021-07-24
"@iam_horlarmide:",1,2021-07-24
"@iam_mimiegray:",1,2021-07-24
"@iamokon:",1,2021-07-24
"@iamwhitemoney:",1,2021-07-24
"@icy_sonie:",1,2021-07-24
"@imranszn:",1,2021-07-24
"@ire_olas:",1,2021-07-24
"@its_saviii:",1,2021-07-24
"@itslaycon",1,2021-07-24
"@itsqueenpresh:",1,2021-07-24
"@itzbasito:",1,2021-07-24
"@jessica71398193:",1,2021-07-24
"@joeyakan:",1,2021-07-24
"@jojo93102109:",1,2021-07-24
"@just_silva__:",1,2021-07-24
"@kats_jeri:",1,2021-07-24
"@kazolumide:",1,2021-07-24
"@kenduma1:",1,2021-07-24
"@kenmacushla:",1,2021-07-24
"@khanxa_menze:",1,2021-07-24
"@kiddsglasses:",1,2021-07-24
"@kiddwayakidney:",1,2021-07-24
"@la_j0lz:",1,2021-07-24
"@lebakanyane:",1,2021-07-24
"@lv_leo1:",1,2021-07-24
"@lynnmubiru:",1,2021-07-24
"@manlikeicey:",1,2021-07-24
"@markie_banqz:",1,2021-07-24
"@mattalistical:",1,2021-07-24
"@mayorspeaks:",1,2021-07-24
"@meet_luqman:",1,2021-07-24
"@meettherichard:",1,2021-07-24
"@melanie_drewger:",1,2021-07-24
"@mhorreriches:",1,2021-07-24
"@mikeson_ar",1,2021-07-24
"@mikeson_ar

contains: 

-…",1,2021-07-24
"@mitchiemburu1:",1,2021-07-24
"@mmanuel__e:",1,2021-07-24
"@mobilepunch:",1,2021-07-24
"@moneydeyfindme2:",1,2021-07-24
"@morecruise:",1,2021-07-24
"@ms_knzi",1,2021-07-24
"@msbusbus:",1,2021-07-24
"@mylo__xynandez:",1,2021-07-24
"@nation1don:",1,2021-07-24
"@nikiey_1:",1,2021-07-24
"@nikkymandy_:",1,2021-07-24
"@niyilawal_:",1,2021-07-24
"@nobodybeme:",1,2021-07-24
"@o3_tee:",1,2021-07-24
"@obacruze:",1,2021-07-24
"@odubiyiatinuke:",1,2021-07-24
"@officialannie__:",1,2021-07-24
"@oiyahu:",1,2021-07-24
"@oku_yungx:",1,2021-07-24
"@olawuo:",1,2021-07-24
"@olufemiloye:",1,2021-07-24
"@oluwa_dharmii:",1,2021-07-24
"@oluwassica:",1,2021-07-24
"@omo_naira:",1,2021-07-24
"@omokiikan:",1,2021-07-24
"@onyii_chichi:",1,2021-07-24
"@ozoisfine:",1,2021-07-24
"@peirasmos_man:",1,2021-07-24
"@pmnewsnigeria",1,2021-07-24
"@premiumtimesng:",1,2021-07-24
"@purppleunicorrn:",1,2021-07-24
"@ralphdeyforyou:",1,2021-07-24
"@remmzor_ybnl:",1,2021-07-24
"@sagart_bbn:",1,2021-07-24
"@sam_ludas:",1,2021-07-24
"@samueloyedele7:",1,2021-07-24
"@savagevinegar1:",1,2021-07-24
"@segunpsalm:",1,2021-07-24
"@semako_pr:",1,2021-07-24
"@shaluwahmuslim1:",1,2021-07-24
"@shootwithfap:",1,2021-07-24
"@simplytebo_k:",1,2021-07-24
"@sorcerersuprem_:",1,2021-07-24
"@specialbabyi:",1,2021-07-24
"@still_terror:",1,2021-07-24
"@strawb_belief2:",1,2021-07-24
"@swagger_jeffrey:",1,2021-07-24
"@t4tomiwa_:",1,2021-07-24
"@teehally1:",1,2021-07-24
"@teekay1634:",1,2021-07-24
"@temigomez:",1,2021-07-24
"@thats_austyn:",1,2021-07-24
"@theahmd_",1,2021-07-24
"@thegreatola:",1,2021-07-24
"@thesheddyking:",1,2021-07-24
"@tife_fabunmi:",1,2021-07-24
"@timipr:",1,2021-07-24
"@toesfootwear1:",1,2021-07-24
"@tonybrainy:",1,2021-07-24
"@tosinsho_:",1,2021-07-24
"@tricia_k_nella:",1,2021-07-24
"@tundeeddnut:",1,2021-07-24
"@tunnykvng:",1,2021-07-24
"@unclemohamz:",1,2021-07-24
"@urpapadeycraze:",1,2021-07-24
"@usmanashafe:",1,2021-07-24
"@vakkai:",1,2021-07-24
"@verraofficial_:",1,2021-07-24
"@vicktor50:",1,2021-07-24
"@victoryalex4:",1,2021-07-24
"@viizkiz:",1,2021-07-24
"@viniciussnr:",1,2021-07-24
"@vinzdmw:",1,2021-07-24
"@yerln_a:",1,2021-07-24
"@yimzyagain:",1,2021-07-24
"@zamaswati_m:",1,2021-07-24
"@zee_zhu_:",1,2021-07-24
"talking.
@yahayaneutral",1,2021-07-24
"@unclepamilerin:",6,2021-07-24
"@dammiedammie35:",5,2021-07-24
"@maziibe_:",5,2021-07-24
"@cutestpristine:",3,2021-07-24
"@emmanuel_bbn:",3,2021-07-24
"@erigganewmoney:",3,2021-07-24
"@gistloversblog1:",3,2021-07-24
"@shawnifee:",3,2021-07-24
"@smithie___:",3,2021-07-24
"@alex_houseof308:",2,2021-07-24
"@bbnaija_gossip:",2,2021-07-24
"@boma_akpore:",2,2021-07-24
"@chocolekan",2,2021-07-24
"@cutestpristine",2,2021-07-24
"@danny_walterr:",2,2021-07-24
"@dee1dynasty:",2,2021-07-24
"@dharmie_q:",2,2021-07-24
"@ebuka:",2,2021-07-24
"@engr_series:",2,2021-07-24
"@nick_nake:",2,2021-07-24
"@olorisupergal:",2,2021-07-24
"@papinla_:",2,2021-07-24
"@provii8:",2,2021-07-24
"@realsnowlove:",2,2021-07-24
"@updateboyx:",2,2021-07-24
"@victorisrael_:",2,2021-07-24
"@vp",2,2021-07-24
"@yarkafanchan:",2,2021-07-24
"@yusuf_adamm:",2,2021-07-24
"@a_ahlume:",1,2021-07-24
"@ade_wealth_:",1,2021-07-24
"@afriqteen:",1,2021-07-24
"@aghahowadaniel_",1,2021-07-24
"@assistantebukaa:",1,2021-07-24
"@atimcharlotte:",1,2021-07-24
"@awedavid_:",1,2021-07-24
"@ayomidelyn:",1,2021-07-24
"@babyboss89:",1,2021-07-24
"@backupforcarl:",1,2021-07-24
"@bbnaija",1,2021-07-24
"@bhadmusakeem:",1,2021-07-24
"@blessedicon2:",1,2021-07-24
"@britikoplease:",1,2021-07-24
"@burabari_david:",1,2021-07-24
"@cdcareng:",1,2021-07-24
"@chica_champagne:",1,2021-07-24
"@chime_szn:",1,2021-07-24
"@cruisequeenn:",1,2021-07-24
"@ctracyl:",1,2021-07-24
"@dami93995581:",1,2021-07-24
"@danielriwo:",1,2021-07-24
"@dayzeedabz:",1,2021-07-24
"@de_gorgeousp:",1,2021-07-24
"@deniiks_:",1,2021-07-24
"@dharmieking:",1,2021-07-24
"@dr_youngy:",1,2021-07-24
"@drpenking:",1,2021-07-24
"@dstv",1,2021-07-24
"@dstvcare",1,2021-07-24
"@ebyfyn:",1,2021-07-24
"@eddiepages:",1,2021-07-24
"@edgaljovi:",1,2021-07-24
"@emmanuellmoh:",1,2021-07-24
"@eniturn:",1,2021-07-24
"@ericanlewedim",1,2021-07-24
"@esther__nankya:",1,2021-07-24
"@et_logistics",1,2021-07-24
"@evansted101:",1,2021-07-24
"@eyenocare1:",1,2021-07-24
"@fanclubnig:",1,2021-07-24
"@filaman19:",1,2021-07-24
"@firstladyship:",1,2021-07-24
"@folabi_26:",1,2021-07-24
"@freshtvhub:",1,2021-07-24
"@funmbie:",1,2021-07-24
"@gbrilelnino:",1,2021-07-24
"@gistreel:",1,2021-07-24
"@graciouszs:",1,2021-07-24
"@havilasauce:",1,2021-07-24
"@hibrohadey1:",1,2021-07-24
"@holardamolar:",1,2021-07-24
"@honiitel:",1,2021-07-24
"@i___am_____id:",1,2021-07-24
"@i_am_bash06:",1,2021-07-24
"@iam__claire:",1,2021-07-24
"@iam_horlarmide:",1,2021-07-24
"@iam_mimiegray:",1,2021-07-24
"@iamokon:",1,2021-07-24
"@iamwhitemoney:",1,2021-07-24
"@icy_sonie:",1,2021-07-24
"@imranszn:",1,2021-07-24
"@ire_olas:",1,2021-07-24
"@its_saviii:",1,2021-07-24
"@itslaycon",1,2021-07-24
"@itsqueenpresh:",1,2021-07-24
"@itzbasito:",1,2021-07-24
"@jessica71398193:",1,2021-07-24
"@joeyakan:",1,2021-07-24
"@jojo93102109:",1,2021-07-24
"@just_silva__:",1,2021-07-24
"@kats_jeri:",1,2021-07-24
"@kazolumide:",1,2021-07-24
"@kenduma1:",1,2021-07-24
"@kenmacushla:",1,2021-07-24
"@khanxa_menze:",1,2021-07-24
"@kiddsglasses:",1,2021-07-24
"@kiddwayakidney:",1,2021-07-24
"@la_j0lz:",1,2021-07-24
"@lebakanyane:",1,2021-07-24
"@lv_leo1:",1,2021-07-24
"@lynnmubiru:",1,2021-07-24
"@manlikeicey:",1,2021-07-24
"@markie_banqz:",1,2021-07-24
"@mattalistical:",1,2021-07-24
"@mayorspeaks:",1,2021-07-24
"@meet_luqman:",1,2021-07-24
"@meettherichard:",1,2021-07-24
"@melanie_drewger:",1,2021-07-24
"@mhorreriches:",1,2021-07-24
"@mikeson_ar",1,2021-07-24
"@mikeson_ar

contains: 

-…",1,2021-07-24
"@mitchiemburu1:",1,2021-07-24
"@mmanuel__e:",1,2021-07-24
"@mobilepunch:",1,2021-07-24
"@moneydeyfindme2:",1,2021-07-24
"@morecruise:",1,2021-07-24
"@ms_knzi",1,2021-07-24
"@msbusbus:",1,2021-07-24
"@mylo__xynandez:",1,2021-07-24
"@nation1don:",1,2021-07-24
"@nikiey_1:",1,2021-07-24
"@nikkymandy_:",1,2021-07-24
"@niyilawal_:",1,2021-07-24
"@nobodybeme:",1,2021-07-24
"@o3_tee:",1,2021-07-24
"@obacruze:",1,2021-07-24
"@odubiyiatinuke:",1,2021-07-24
"@officialannie__:",1,2021-07-24
"@oiyahu:",1,2021-07-24
"@oku_yungx:",1,2021-07-24
"@olawuo:",1,2021-07-24
"@olufemiloye:",1,2021-07-24
"@oluwa_dharmii:",1,2021-07-24
"@oluwassica:",1,2021-07-24
"@omo_naira:",1,2021-07-24
"@omokiikan:",1,2021-07-24
"@onyii_chichi:",1,2021-07-24
"@ozoisfine:",1,2021-07-24
"@peirasmos_man:",1,2021-07-24
"@pmnewsnigeria",1,2021-07-24
"@premiumtimesng:",1,2021-07-24
"@purppleunicorrn:",1,2021-07-24
"@ralphdeyforyou:",1,2021-07-24
"@remmzor_ybnl:",1,2021-07-24
"@sagart_bbn:",1,2021-07-24
"@sam_ludas:",1,2021-07-24
"@samueloyedele7:",1,2021-07-24
"@savagevinegar1:",1,2021-07-24
"@segunpsalm:",1,2021-07-24
"@semako_pr:",1,2021-07-24
"@shaluwahmuslim1:",1,2021-07-24
"@shootwithfap:",1,2021-07-24
"@simplytebo_k:",1,2021-07-24
"@sorcerersuprem_:",1,2021-07-24
"@specialbabyi:",1,2021-07-24
"@still_terror:",1,2021-07-24
"@strawb_belief2:",1,2021-07-24
"@swagger_jeffrey:",1,2021-07-24
"@t4tomiwa_:",1,2021-07-24
"@teehally1:",1,2021-07-24
"@teekay1634:",1,2021-07-24
"@temigomez:",1,2021-07-24
"@thats_austyn:",1,2021-07-24
"@theahmd_",1,2021-07-24
"@thegreatola:",1,2021-07-24
"@thesheddyking:",1,2021-07-24
"@tife_fabunmi:",1,2021-07-24
"@timipr:",1,2021-07-24
"@toesfootwear1:",1,2021-07-24
"@tonybrainy:",1,2021-07-24
"@tosinsho_:",1,2021-07-24
"@tricia_k_nella:",1,2021-07-24
"@tundeeddnut:",1,2021-07-24
"@tunnykvng:",1,2021-07-24
"@unclemohamz:",1,2021-07-24
"@urpapadeycraze:",1,2021-07-24
"@usmanashafe:",1,2021-07-24
"@vakkai:",1,2021-07-24
"@verraofficial_:",1,2021-07-24
"@vicktor50:",1,2021-07-24
"@victoryalex4:",1,2021-07-24
"@viizkiz:",1,2021-07-24
"@viniciussnr:",1,2021-07-24
"@vinzdmw:",1,2021-07-24
"@yerln_a:",1,2021-07-24
"@yimzyagain:",1,2021-07-24
"@zamaswati_m:",1,2021-07-24
"@zee_zhu_:",1,2021-07-24
"talking.
@yahayaneutral",1,2021-07-24
"@maziibe_:",8,2021-07-24
"@dammiedammie35:",7,2021-07-24
"@unclepamilerin:",6,2021-07-24
"@olorisupergal:",5,2021-07-24
"@erigganewmoney:",4,2021-07-24
"@gistloversblog1:",4,2021-07-24
"@shawnifee:",4,2021-07-24
"@smithie___:",4,2021-07-24
"@cutestpristine:",3,2021-07-24
"@emmanuel_bbn:",3,2021-07-24
"@mitchiemburu1:",3,2021-07-24
"@victorisrael_:",3,2021-07-24
"@alex_houseof308:",2,2021-07-24
"@assistantebukaa:",2,2021-07-24
"@ayomidelyn:",2,2021-07-24
"@bbnaija_gossip:",2,2021-07-24
"@boma_akpore:",2,2021-07-24
"@chocolekan",2,2021-07-24
"@cutestpristine",2,2021-07-24
"@danny_walterr:",2,2021-07-24
"@dee1dynasty:",2,2021-07-24
"@dharmie_q:",2,2021-07-24
"@ebuka:",2,2021-07-24
"@echokecheck:",2,2021-07-24
"@engr_series:",2,2021-07-24
"@evansted101:",2,2021-07-24
"@itzbasito:",2,2021-07-24
"@just_silva__:",2,2021-07-24
"@khanxa_menze:",2,2021-07-24
"@kiddwayakidney:",2,2021-07-24
"@nick_nake:",2,2021-07-24
"@olawuo:",2,2021-07-24
"@papinla_:",2,2021-07-24
"@provii8:",2,2021-07-24
"@realsnowlove:",2,2021-07-24
"@semako_pr:",2,2021-07-24
"@swagger_jeffrey:",2,2021-07-24
"@thesheddyking:",2,2021-07-24
"@tife_fabunmi:",2,2021-07-24
"@updateboyx:",2,2021-07-24
"@vp",2,2021-07-24
"@yarkafanchan:",2,2021-07-24
"@yusuf_adamm:",2,2021-07-24
"@zamaswati_m:",2,2021-07-24
"@gistloversblog1:",11,2021-07-24
"@unclepamilerin:",10,2021-07-24
"@dammiedammie35:",9,2021-07-24
"@maziibe_:",9,2021-07-24
"@olorisupergal:",8,2021-07-24
"@erigganewmoney:",4,2021-07-24
"@shawnifee:",4,2021-07-24
"@smithie___:",4,2021-07-24
"@victorisrael_:",4,2021-07-24
"@bbnaija_gossip:",3,2021-07-24
"@blvck_witch:",3,2021-07-24
"@christdeking:",3,2021-07-24
"@cutestpristine:",3,2021-07-24
"@emmanuel_bbn:",3,2021-07-24
"@engr_series:",3,2021-07-24
"@gistreel:",3,2021-07-24
"@kiddwayakidney:",3,2021-07-24
"@mitchiemburu1:",3,2021-07-24
"@peregbiofficial:",3,2021-07-24
"@princessonums:",3,2021-07-24
"@tife_fabunmi:",3,2021-07-24
"@unclemohamz:",3,2021-07-24
"@updateboyx:",3,2021-07-24
"@adaifeatu:",2,2021-07-24
"@alex_houseof308:",2,2021-07-24
"@assistantebukaa:",2,2021-07-24
"@atimcharlotte:",2,2021-07-24
"@ayomidelyn:",2,2021-07-24
"@babeeysa:",2,2021-07-24
"@boma_akpore:",2,2021-07-24
"@britikoplease:",2,2021-07-24
"@chocolekan",2,2021-07-24
"@cutestpristine",2,2021-07-24
"@danny_walterr:",2,2021-07-24
"@datchuguy:",2,2021-07-24
"@dee1dynasty:",2,2021-07-24
"@detolah_:",2,2021-07-24
"@dharmie_q:",2,2021-07-24
"@ebuka:",2,2021-07-24
"@echokecheck:",2,2021-07-24
"@eniturn:",2,2021-07-24
"@evansted101:",2,2021-07-24
"@iamokon:",2,2021-07-24
"@irunnia_:",2,2021-07-24
"@its_saviii:",2,2021-07-24
"@itzbasito:",2,2021-07-24
"@joeyakan:",2,2021-07-24
"@joijoy__:",2,2021-07-24
"@just_silva__:",2,2021-07-24
"@kazolumide:",2,2021-07-24
"@khanxa_menze:",2,2021-07-24
"@mistakobz:",2,2021-07-24
"@mobilepunch:",2,2021-07-24
"@mr_shizzyy:",2,2021-07-24
"@nick_nake:",2,2021-07-24
"@olawuo:",2,2021-07-24
"@papinla_:",2,2021-07-24
"@provii8:",2,2021-07-24
"@ralphdeyforyou:",2,2021-07-24
"@realsnowlove:",2,2021-07-24
"@realviva02:",2,2021-07-24
"@salaticempy2:",2,2021-07-24
"@semako_pr:",2,2021-07-24
"@swagger_jeffrey:",2,2021-07-24
"@symplyshallom:",2,2021-07-24
"@tee_classiquem1:",2,2021-07-24
"@thenetng:",2,2021-07-24
"@thesheddyking:",2,2021-07-24
"@thisismaame:",2,2021-07-24
"@tundeeddnut:",2,2021-07-24
"@tunnykvng:",2,2021-07-24
"@vp",2,2021-07-24
"@yarkafanchan:",2,2021-07-24
"@yusuf_adamm:",2,2021-07-24
"@zamaswati_m:",2,2021-07-24
"@gistloversblog1:",12,2021-07-24
"@unclepamilerin:",10,2021-07-24
"@dammiedammie35:",9,2021-07-24
"@maziibe_:",9,2021-07-24
"@olorisupergal:",9,2021-07-24
"@shawnifee:",5,2021-07-24
"@erigganewmoney:",4,2021-07-24
"@princessonums:",4,2021-07-24
"@smithie___:",4,2021-07-24
"@victorisrael_:",4,2021-07-24
"@bbnaija",3,2021-07-24
"@bbnaija_gossip:",3,2021-07-24
"@blvck_witch:",3,2021-07-24
"@christdeking:",3,2021-07-24
"@cutestpristine:",3,2021-07-24
"@emmanuel_bbn:",3,2021-07-24
"@engr_series:",3,2021-07-24
"@gistreel:",3,2021-07-24
"@just_silva__:",3,2021-07-24
"@khanxa_menze:",3,2021-07-24
"@kiddwayakidney:",3,2021-07-24
"@mistakobz:",3,2021-07-24
"@mitchiemburu1:",3,2021-07-24
"@peregbiofficial:",3,2021-07-24
"@tife_fabunmi:",3,2021-07-24
"@unclemohamz:",3,2021-07-24
"@updateboyx:",3,2021-07-24
"@adaifeatu:",2,2021-07-24
"@alex_houseof308:",2,2021-07-24
"@assistantebukaa:",2,2021-07-24
"@atimcharlotte:",2,2021-07-24
"@ayomidelyn:",2,2021-07-24
"@babeeysa:",2,2021-07-24
"@babyboss89:",2,2021-07-24
"@boma_akpore:",2,2021-07-24
"@britikoplease:",2,2021-07-24
"@caleboflagos:",2,2021-07-24
"@chocolekan",2,2021-07-24
"@cutestpristine",2,2021-07-24
"@danny_walterr:",2,2021-07-24
"@datchuguy:",2,2021-07-24
"@dee1dynasty:",2,2021-07-24
"@detolah_:",2,2021-07-24
"@dharmie_q:",2,2021-07-24
"@drpenking:",2,2021-07-24
"@ebuka:",2,2021-07-24
"@echokecheck:",2,2021-07-24
"@eniturn:",2,2021-07-24
"@et_logistics",2,2021-07-24
"@evansted101:",2,2021-07-24
"@harrisonjnior:",2,2021-07-24
"@iamokon:",2,2021-07-24
"@icy_sonie:",2,2021-07-24
"@irunnia_:",2,2021-07-24
"@its_saviii:",2,2021-07-24
"@itzbasito:",2,2021-07-24
"@joeyakan:",2,2021-07-24
"@joijoy__:",2,2021-07-24
"@kazolumide:",2,2021-07-24
"@lenyied",2,2021-07-24
"@mimischmoney11:",2,2021-07-24
"@mobilepunch:",2,2021-07-24
"@mr_shizzyy:",2,2021-07-24
"@nick_nake:",2,2021-07-24
"@olawuo:",2,2021-07-24
"@omokiikan:",2,2021-07-24
"@papinla_:",2,2021-07-24
"@provii8:",2,2021-07-24
"@ralphdeyforyou:",2,2021-07-24
"@realsnowlove:",2,2021-07-24
"@realviva02:",2,2021-07-24
"@salaticempy2:",2,2021-07-24
"@semako_pr:",2,2021-07-24
"@swagger_jeffrey:",2,2021-07-24
"@symplyshallom:",2,2021-07-24
"@tee_classiquem1:",2,2021-07-24
"@theemmanuelumoh",2,2021-07-24
"@thenetng:",2,2021-07-24
"@thesheddyking:",2,2021-07-24
"@thisismaame:",2,2021-07-24
"@tundeeddnut:",2,2021-07-24
"@tunnykvng:",2,2021-07-24
"@vp",2,2021-07-24
"@yarkafanchan:",2,2021-07-24
"@yusuf_adamm:",2,2021-07-24
"@zamaswati_m:",2,2021-07-24
"@zxzxrx:",2,2021-07-24
"#bbnaija
@juliusfagbire",2,2021-07-24
"@gistloversblog1:",12,2021-07-24
"@unclepamilerin:",10,2021-07-24
"@dammiedammie35:",9,2021-07-24
"@maziibe_:",9,2021-07-24
"@olorisupergal:",9,2021-07-24
"@shawnifee:",5,2021-07-24
"@erigganewmoney:",4,2021-07-24
"@princessonums:",4,2021-07-24
"@smithie___:",4,2021-07-24
"@victorisrael_:",4,2021-07-24
"@bbnaija",3,2021-07-24
"@bbnaija_gossip:",3,2021-07-24
"@blvck_witch:",3,2021-07-24
"@christdeking:",3,2021-07-24
"@cutestpristine:",3,2021-07-24
"@emmanuel_bbn:",3,2021-07-24
"@engr_series:",3,2021-07-24
"@gistreel:",3,2021-07-24
"@just_silva__:",3,2021-07-24
"@khanxa_menze:",3,2021-07-24
"@kiddwayakidney:",3,2021-07-24
"@mistakobz:",3,2021-07-24
"@mitchiemburu1:",3,2021-07-24
"@peregbiofficial:",3,2021-07-24
"@tife_fabunmi:",3,2021-07-24
"@unclemohamz:",3,2021-07-24
"@updateboyx:",3,2021-07-24
"@adaifeatu:",2,2021-07-24
"@alex_houseof308:",2,2021-07-24
"@assistantebukaa:",2,2021-07-24
"@atimcharlotte:",2,2021-07-24
"@ayomidelyn:",2,2021-07-24
"@babeeysa:",2,2021-07-24
"@babyboss89:",2,2021-07-24
"@boma_akpore:",2,2021-07-24
"@britikoplease:",2,2021-07-24
"@caleboflagos:",2,2021-07-24
"@chocolekan",2,2021-07-24
"@cutestpristine",2,2021-07-24
"@danny_walterr:",2,2021-07-24
"@datchuguy:",2,2021-07-24
"@dee1dynasty:",2,2021-07-24
"@detolah_:",2,2021-07-24
"@dharmie_q:",2,2021-07-24
"@drpenking:",2,2021-07-24
"@ebuka:",2,2021-07-24
"@echokecheck:",2,2021-07-24
"@eniturn:",2,2021-07-24
"@et_logistics",2,2021-07-24
"@evansted101:",2,2021-07-24
"@harrisonjnior:",2,2021-07-24
"@iamokon:",2,2021-07-24
"@icy_sonie:",2,2021-07-24
"@irunnia_:",2,2021-07-24
"@its_saviii:",2,2021-07-24
"@itzbasito:",2,2021-07-24
"@joeyakan:",2,2021-07-24
"@joijoy__:",2,2021-07-24
"@kazolumide:",2,2021-07-24
"@lenyied",2,2021-07-24
"@mimischmoney11:",2,2021-07-24
"@mobilepunch:",2,2021-07-24
"@mr_shizzyy:",2,2021-07-24
"@nick_nake:",2,2021-07-24
"@olawuo:",2,2021-07-24
"@omokiikan:",2,2021-07-24
"@papinla_:",2,2021-07-24
"@provii8:",2,2021-07-24
"@ralphdeyforyou:",2,2021-07-24
"@realsnowlove:",2,2021-07-24
"@realviva02:",2,2021-07-24
"@salaticempy2:",2,2021-07-24
"@semako_pr:",2,2021-07-24
"@swagger_jeffrey:",2,2021-07-24
"@symplyshallom:",2,2021-07-24
"@tee_classiquem1:",2,2021-07-24
"@theemmanuelumoh",2,2021-07-24
"@thenetng:",2,2021-07-24
"@thesheddyking:",2,2021-07-24
"@thisismaame:",2,2021-07-24
"@tundeeddnut:",2,2021-07-24
"@tunnykvng:",2,2021-07-24
"@vp",2,2021-07-24
"@yarkafanchan:",2,2021-07-24
"@yusuf_adamm:",2,2021-07-24
"@zamaswati_m:",2,2021-07-24
"@zxzxrx:",2,2021-07-24
"#bbnaija
@juliusfagbire",2,2021-07-24
"@shawnifee:",66,2021-07-24
"@gistloversblog1:",33,2021-07-24
"@maziibe_:",27,2021-07-24
"@dammiedammie35:",22,2021-07-24
"@harrisonjnior:",22,2021-07-24
"@emmanuel_bbn:",20,2021-07-24
"@unclepamilerin:",16,2021-07-24
"@olorisupergal:",13,2021-07-24
"@boma_akpore:",11,2021-07-24
"@sugarbanana_:",10,2021-07-24
"@chumannoli:",9,2021-07-24
"@empiremichey:",9,2021-07-24
"@savagevinegar1:",9,2021-07-24
"@thesheddyking:",9,2021-07-24
"@zxzxrx:",9,2021-07-24
"@gistreel:",8,2021-07-24
"@tife_fabunmi:",8,2021-07-24
"@bbnaija_gossip:",7,2021-07-24
"@callmephilter:",7,2021-07-24
"@iamwhitemoney:",7,2021-07-24
"@nuella_may:",7,2021-07-24
"@omojuwa:",7,2021-07-24
"@victoryalex4:",7,2021-07-24
"@yerinsabraham:",7,2021-07-24
"@90ssophie:",6,2021-07-24
"@adaifeatu:",6,2021-07-24
"@erigganewmoney:",6,2021-07-24
"@mr_joshhhh:",6,2021-07-24
"@odogwu_nomso:",6,2021-07-24
"@stan4life2:",6,2021-07-24
"@victorisrael_:",6,2021-07-24
"@shawnifee:",68,2021-07-24
"@gistloversblog1:",36,2021-07-24
"@maziibe_:",36,2021-07-24
"@harrisonjnior:",25,2021-07-24
"@dammiedammie35:",23,2021-07-24
"@emmanuel_bbn:",20,2021-07-24
"@unclepamilerin:",18,2021-07-24
"@boma_akpore:",14,2021-07-24
"@gistreel:",14,2021-07-24
"@olorisupergal:",13,2021-07-24
"@sugarbanana_:",10,2021-07-24
"@thesheddyking:",10,2021-07-24
"@zxzxrx:",10,2021-07-24
"@chumannoli:",9,2021-07-24
"@empiremichey:",9,2021-07-24
"@erigganewmoney:",9,2021-07-24
"@mr_joshhhh:",9,2021-07-24
"@savagevinegar1:",9,2021-07-24
"@nuella_may:",8,2021-07-24
"@tife_fabunmi:",8,2021-07-24
"@victorisrael_:",8,2021-07-24
"@bbnaija_gossip:",7,2021-07-24
"@callmephilter:",7,2021-07-24
"@iamwhitemoney:",7,2021-07-24
"@odogwu_nomso:",7,2021-07-24
"@omojuwa:",7,2021-07-24
"@victoryalex4:",7,2021-07-24
"@yerinsabraham:",7,2021-07-24
"@90ssophie:",6,2021-07-24
"@adaifeatu:",6,2021-07-24
"@assistantebukaa:",6,2021-07-24
"@smithie___:",6,2021-07-24
"@stan4life2:",6,2021-07-24
"@shawnifee:",88,2021-07-24
"@maziibe_:",68,2021-07-24
"@gistloversblog1:",46,2021-07-24
"@harrisonjnior:",35,2021-07-24
"@dammiedammie35:",31,2021-07-24
"@emmanuel_bbn:",24,2021-07-24
"@savagevinegar1:",22,2021-07-24
"@unclepamilerin:",19,2021-07-24
"@victorisrael_:",19,2021-07-24
"@gistreel:",18,2021-07-24
"@christdeking:",16,2021-07-24
"@mr_joshhhh:",16,2021-07-24
"@thesheddyking:",15,2021-07-24
"@boma_akpore:",14,2021-07-24
"@lasgidi4l:",13,2021-07-24
"@olorisupergal:",13,2021-07-24
"@zxzxrx:",11,2021-07-24
"@omojuwa:",10,2021-07-24
"@sugarbanana_:",10,2021-07-24
"@adaifeatu:",9,2021-07-24
"@assistantebukaa:",9,2021-07-24
"@chumannoli:",9,2021-07-24
"@empiremichey:",9,2021-07-24
"@erigganewmoney:",9,2021-07-24
"@nuella_may:",9,2021-07-24
"@smithie___:",9,2021-07-24
"@tife_fabunmi:",9,2021-07-24
"@melanie_drewger:",8,2021-07-24
"@bbnaija_gossip:",7,2021-07-24
"@callmephilter:",7,2021-07-24
"@djkaywise:",7,2021-07-24
"@iamwhitemoney:",7,2021-07-24
"@looyeh:",7,2021-07-24
"@odogwu_nomso:",7,2021-07-24
"@pengmanmodel:",7,2021-07-24
"@updateboyx:",7,2021-07-24
"@victoryalex4:",7,2021-07-24
"@yerinsabraham:",7,2021-07-24
"@gistreel:",4,2021-07-25
"@alex_houseof308:",2,2021-07-25
"@bbnaija_gossip:",2,2021-07-25
"@erigganewmoney:",2,2021-07-25
"@gistloversblog1:",2,2021-07-25
"@maziibe_:",2,2021-07-25
"@olorisupergal:",2,2021-07-25
"@shawnifee:",2,2021-07-25
"@sholly__s:",2,2021-07-25
"@tee_thandekan:",2,2021-07-25
"@afriqteen:",1,2021-07-25
"@ariyike_09:",1,2021-07-25
"@austeiin",1,2021-07-25
"@bbnaija_s6:",1,2021-07-25
"@bbnaijacruise:",1,2021-07-25
"@boma___akpore:",1,2021-07-25
"@boma_akpore:",1,2021-07-25
"@brown_curves:",1,2021-07-25
"@caleboflagos:",1,2021-07-25
"@christdeking:",1,2021-07-25
"@dammiedammie35:",1,2021-07-25
"@ebuka:",1,2021-07-25
"@emmanuel_bbn:",1,2021-07-25
"@emmanuellmoh:",1,2021-07-25
"@estheratakpa:",1,2021-07-25
"@favorgrace119:",1,2021-07-25
"@giftynkem:",1,2021-07-25
"@gistloversblog1",1,2021-07-25
"@gudgaalriri:",1,2021-07-25
"@harrisonjnior:",1,2021-07-25
"@hisbella4",1,2021-07-25
"@hunie_k:",1,2021-07-25
"@i___am_____id:",1,2021-07-25
"@iamdeby_:",1,2021-07-25
"@iamokon:",1,2021-07-25
"@iamtybaba:",1,2021-07-25
"@jannyremy:",1,2021-07-25
"@jasondagoat4:",1,2021-07-25
"@johndumelo1",1,2021-07-25
"@kenizeke:",1,2021-07-25
"@kyereminator",1,2021-07-25
"@lasgidi4l:",1,2021-07-25
"@lighttowermag:",1,2021-07-25
"@lv_leo1:",1,2021-07-25
"@lyzeebrown:",1,2021-07-25
"@mahrteenz:",1,2021-07-25
"@mayorhgee:",1,2021-07-25
"@mgorgeouz:",1,2021-07-25
"@minnie_selie:",1,2021-07-25
"@mitchiemburu1:",1,2021-07-25
"@mr_joshhhh:",1,2021-07-25
"@ms_bhunmy:",1,2021-07-25
"@mshannee:",1,2021-07-25
"@mycompass3:",1,2021-07-25
"@myonace:",1,2021-07-25
"@nobodybeme:",1,2021-07-25
"@odogwuachina:",1,2021-07-25
"@ojokusaga:",1,2021-07-25
"@omokiikan:",1,2021-07-25
"@opeofeko:",1,2021-07-25
"@osaveen:",1,2021-07-25
"@phunkydey4u:",1,2021-07-25
"@pintojoke:",1,2021-07-25
"@potam1304:",1,2021-07-25
"@purppleunicorrn:",1,2021-07-25
"@pvigilancebluz:",1,2021-07-25
"@qyeenog:",1,2021-07-25
"@raymond_cupid",1,2021-07-25
"@ronke_z:",1,2021-07-25
"@sagadeolu",1,2021-07-25
"@savagevinegar1:",1,2021-07-25
"@savviey_dope:",1,2021-07-25
"@smartatuadi:",1,2021-07-25
"@smithie___:",1,2021-07-25
"@stan4life2:",1,2021-07-25
"@stephen_sake:",1,2021-07-25
"@strawb_belief2:",1,2021-07-25
"@themkyounng:",1,2021-07-25
"@thesheddyking:",1,2021-07-25
"@toesfootwear1:",1,2021-07-25
"@ufuomaaa:",1,2021-07-25
"@uglee_boy:",1,2021-07-25
"@ugonwanne4:",1,2021-07-25
"@unclepamilerin:",1,2021-07-25
"@uniqueclara__:",1,2021-07-25
"@victorisrael_:",1,2021-07-25
"@voltef92:",1,2021-07-25
"@yerinsabraham",1,2021-07-25
"@yerinsabraham:",1,2021-07-25
"@yerln_a:",1,2021-07-25
"@yimzyagain:",1,2021-07-25
"@gistreel:",4,2021-07-25
"@unclepamilerin:",4,2021-07-25
"@erigganewmoney:",3,2021-07-25
"@gistloversblog1:",3,2021-07-25
"@hisbella4",3,2021-07-25
"@maziibe_:",3,2021-07-25
"@afriqteen:",2,2021-07-25
"@alex_houseof308:",2,2021-07-25
"@asiedumends",2,2021-07-25
"@bbnaija_gossip:",2,2021-07-25
"@dammiedammie35:",2,2021-07-25
"@emmanuel_bbn:",2,2021-07-25
"@kyereminator",2,2021-07-25
"@lasgidi4l:",2,2021-07-25
"@olorisupergal:",2,2021-07-25
"@raymond_cupid",2,2021-07-25
"@sagadeolu",2,2021-07-25
"@shawnifee:",2,2021-07-25
"@sholly__s:",2,2021-07-25
"@tee_thandekan:",2,2021-07-25
"@afro_wak:",1,2021-07-25
"@ameddyranking:",1,2021-07-25
"@ariyike_09:",1,2021-07-25
"@austeiin",1,2021-07-25
"@backupforcarl:",1,2021-07-25
"@bbn_talks:",1,2021-07-25
"@bbnaija_s6:",1,2021-07-25
"@bbnaijacruise:",1,2021-07-25
"@bhumie5:",1,2021-07-25
"@bigbrotea:",1,2021-07-25
"@bigmama_adah:",1,2021-07-25
"@blessingndot7_:",1,2021-07-25
"@boma___akpore:",1,2021-07-25
"@boma_akpore:",1,2021-07-25
"@brown_curves:",1,2021-07-25
"@caleboflagos:",1,2021-07-25
"@christdeking:",1,2021-07-25
"@cosmicraytv1:",1,2021-07-25
"@dr_youngy:",1,2021-07-25
"@ebuka:",1,2021-07-25
"@emmanuel_bbn",1,2021-07-25
"@emmanuellmoh:",1,2021-07-25
"@engr_series:",1,2021-07-25
"@estheratakpa:",1,2021-07-25
"@fabianjnr5:",1,2021-07-25
"@favorgrace119:",1,2021-07-25
"@favour73468698:",1,2021-07-25
"@giftynkem:",1,2021-07-25
"@gistloversblog1",1,2021-07-25
"@gudgaalriri:",1,2021-07-25
"@harrisonjnior:",1,2021-07-25
"@havilasauce:",1,2021-07-25
"@hunie_k:",1,2021-07-25
"@i___am_____id:",1,2021-07-25
"@iamdeby_:",1,2021-07-25
"@iamdo2dtun:",1,2021-07-25
"@iamokon:",1,2021-07-25
"@iamtybaba:",1,2021-07-25
"@ibadanyomikings:",1,2021-07-25
"@jannyremy:",1,2021-07-25
"@jasondagoat4:",1,2021-07-25
"@johndumelo1",1,2021-07-25
"@kanyewest",1,2021-07-25
"@kenizeke:",1,2021-07-25
"@lady_jessyy:",1,2021-07-25
"@lerecalm:",1,2021-07-25
"@lighttowermag:",1,2021-07-25
"@lordvino:",1,2021-07-25
"@lv_leo1:",1,2021-07-25
"@lyzeebrown:",1,2021-07-25
"@mahrteenz:",1,2021-07-25
"@malikgcfr:",1,2021-07-25
"@mareeyarh_queen:",1,2021-07-25
"@mayorhgee:",1,2021-07-25
"@megmello4:",1,2021-07-25
"@mercy97045046:",1,2021-07-25
"@mgorgeouz:",1,2021-07-25
"@minnie_selie:",1,2021-07-25
"@mitchiemburu1:",1,2021-07-25
"@mo_jaabs",1,2021-07-25
"@mr_joshhhh:",1,2021-07-25
"@ms_bhunmy:",1,2021-07-25
"@ms_fej:",1,2021-07-25
"@mshannee:",1,2021-07-25
"@mycompass3:",1,2021-07-25
"@myonace:",1,2021-07-25
"@niyilawal_:",1,2021-07-25
"@nobodybeme:",1,2021-07-25
"@nuella_may:",1,2021-07-25
"@nyovestsean:",1,2021-07-25
"@odogwuachina:",1,2021-07-25
"@ojokusaga:",1,2021-07-25
"@olivdclo:",1,2021-07-25
"@omokiikan:",1,2021-07-25
"@opeofeko:",1,2021-07-25
"@osaveen:",1,2021-07-25
"@party_nextdoor1:",1,2021-07-25
"@pengmanmodel:",1,2021-07-25
"@phunkydey4u:",1,2021-07-25
"@pintojoke:",1,2021-07-25
"@potam1304:",1,2021-07-25
"@preciousagbolu:",1,2021-07-25
"@princessonums:",1,2021-07-25
"@purppleunicorrn:",1,2021-07-25
"@pvigilancebluz:",1,2021-07-25
"@queen_endowed:",1,2021-07-25
"@qyeenog:",1,2021-07-25
"@raymond_cupid…",1,2021-07-25
"@ronke_z:",1,2021-07-25
"@savagevinegar1:",1,2021-07-25
"@savviey_dope:",1,2021-07-25
"@sk_enterprise1",1,2021-07-25
"@smartatuadi:",1,2021-07-25
"@smithie___:",1,2021-07-25
"@stan4life2:",1,2021-07-25
"@stephen_sake:",1,2021-07-25
"@strawb_belief2:",1,2021-07-25
"@themkyounng:",1,2021-07-25
"@thesheddyking:",1,2021-07-25
"@thetaiwo69:",1,2021-07-25
"@thic_didi",1,2021-07-25
"@toesfootwear1:",1,2021-07-25
"@tweetestboi_ph:",1,2021-07-25
"@ufuomaaa:",1,2021-07-25
"@uglee_boy:",1,2021-07-25
"@ugonwanne4:",1,2021-07-25
"@uniqueclara__:",1,2021-07-25
"@victorisrael_:",1,2021-07-25
"@voltef92:",1,2021-07-25
"@yerinsabraham",1,2021-07-25
"@yerinsabraham:",1,2021-07-25
"@yerln_a:",1,2021-07-25
"@yimzyagain:",1,2021-07-25
"@yslmelchesedek",1,2021-07-25
"@unclepamilerin:",6,2021-07-25
"@gistreel:",5,2021-07-25
"@olorisupergal:",4,2021-07-25
"@bbnaija_gossip:",3,2021-07-25
"@erigganewmoney:",3,2021-07-25
"@gistloversblog1:",3,2021-07-25
"@hisbella4",3,2021-07-25
"@maziibe_:",3,2021-07-25
"@smithie___:",3,2021-07-25
"@afriqteen:",2,2021-07-25
"@alex_houseof308:",2,2021-07-25
"@asiedumends",2,2021-07-25
"@dammiedammie35:",2,2021-07-25
"@ebuka:",2,2021-07-25
"@emmanuel_bbn:",2,2021-07-25
"@gbollygram:",2,2021-07-25
"@iamwhitemoney:",2,2021-07-25
"@kyereminator",2,2021-07-25
"@lasgidi4l:",2,2021-07-25
"@pintojoke:",2,2021-07-25
"@princessonums:",2,2021-07-25
"@raymond_cupid",2,2021-07-25
"@sagadeolu",2,2021-07-25
"@shawnifee:",2,2021-07-25
"@sholly__s:",2,2021-07-25
"@tee_thandekan:",2,2021-07-25
"@afro_wak:",1,2021-07-25
"@ameddyranking:",1,2021-07-25
"@ariyike_09:",1,2021-07-25
"@austeiin",1,2021-07-25
"@ayomidelyn:",1,2021-07-25
"@aysmith1:",1,2021-07-25
"@backupforcarl:",1,2021-07-25
"@bbn_talks:",1,2021-07-25
"@bbnaija__update:",1,2021-07-25
"@bbnaija_s6:",1,2021-07-25
"@bbnaijacruise:",1,2021-07-25
"@bhumie5:",1,2021-07-25
"@bigbrotea:",1,2021-07-25
"@bigmama_adah:",1,2021-07-25
"@blessingndot7_:",1,2021-07-25
"@boma___akpore:",1,2021-07-25
"@boma_akpore:",1,2021-07-25
"@brown_curves:",1,2021-07-25
"@cadet4k:",1,2021-07-25
"@caleboflagos:",1,2021-07-25
"@chicreviewx:",1,2021-07-25
"@christdeking:",1,2021-07-25
"@cosmicraytv1:",1,2021-07-25
"@da_one_gp:",1,2021-07-25
"@daddyoyoyoo:",1,2021-07-25
"@dr_youngy:",1,2021-07-25
"@ehkhom:",1,2021-07-25
"@emmanuel_bbn",1,2021-07-25
"@emmanuellmoh:",1,2021-07-25
"@engr_series:",1,2021-07-25
"@erica1lovy:",1,2021-07-25
"@estheratakpa:",1,2021-07-25
"@eyenocare1:",1,2021-07-25
"@fabianjnr5:",1,2021-07-25
"@favorgrace119:",1,2021-07-25
"@favour73468698:",1,2021-07-25
"@fellowvagary:",1,2021-07-25
"@femi_phelps:",1,2021-07-25
"@firstladyship:",1,2021-07-25
"@giftynkem:",1,2021-07-25
"@gistloversblog1",1,2021-07-25
"@gudgaalriri:",1,2021-07-25
"@harrisonjnior:",1,2021-07-25
"@havilasauce:",1,2021-07-25
"@helloleshell:",1,2021-07-25
"@homiebishop:",1,2021-07-25
"@hunie_k:",1,2021-07-25
"@i___am_____id:",1,2021-07-25
"@i_am_xavier7:",1,2021-07-25
"@iamdeby_:",1,2021-07-25
"@iamdo2dtun:",1,2021-07-25
"@iamokon:",1,2021-07-25
"@iamtybaba:",1,2021-07-25
"@ibadanyomikings:",1,2021-07-25
"@itzbasito:",1,2021-07-25
"@jamee_abubakar:",1,2021-07-25
"@jannyremy:",1,2021-07-25
"@jasondagoat4:",1,2021-07-25
"@johndumelo1",1,2021-07-25
"@juwonlo69580428:",1,2021-07-25
"@kanyewest",1,2021-07-25
"@kenizeke:",1,2021-07-25
"@lady_jessyy:",1,2021-07-25
"@lerecalm:",1,2021-07-25
"@lighttowermag:",1,2021-07-25
"@lordvino:",1,2021-07-25
"@lv_leo1:",1,2021-07-25
"@lyzeebrown:",1,2021-07-25
"@mahrteenz:",1,2021-07-25
"@malikgcfr:",1,2021-07-25
"@mareeyarh_queen:",1,2021-07-25
"@markie_banqz:",1,2021-07-25
"@mayorhgee:",1,2021-07-25
"@megmello4:",1,2021-07-25
"@mercy97045046:",1,2021-07-25
"@mgorgeouz:",1,2021-07-25
"@minnie_selie:",1,2021-07-25
"@mitchiemburu1:",1,2021-07-25
"@mo_jaabs",1,2021-07-25
"@mothers_grace:",1,2021-07-25
"@mr_joshhhh:",1,2021-07-25
"@ms_bhunmy:",1,2021-07-25
"@ms_fej:",1,2021-07-25
"@mshannee:",1,2021-07-25
"@mycompass3:",1,2021-07-25
"@myonace:",1,2021-07-25
"@niyilawal_:",1,2021-07-25
"@nobodybeme:",1,2021-07-25
"@nuella_may:",1,2021-07-25
"@nwagbonelson:",1,2021-07-25
"@nyovestsean:",1,2021-07-25
"@obongroviel:",1,2021-07-25
"@odogwuachina:",1,2021-07-25
"@oj_stunner:",1,2021-07-25
"@ojokusaga:",1,2021-07-25
"@olivdclo:",1,2021-07-25
"@omojuwa:",1,2021-07-25
"@omokiikan:",1,2021-07-25
"@opeofeko:",1,2021-07-25
"@osaveen:",1,2021-07-25
"@oyimamajoe:",1,2021-07-25
"@party_nextdoor1:",1,2021-07-25
"@pengmanmodel:",1,2021-07-25
"@phunkydey4u:",1,2021-07-25
"@potam1304:",1,2021-07-25
"@preciousagbolu:",1,2021-07-25
"@purppleunicorrn:",1,2021-07-25
"@pvigilancebluz:",1,2021-07-25
"@queen_endowed:",1,2021-07-25
"@qyeenog:",1,2021-07-25
"@raymond_cupid…",1,2021-07-25
"@ronke_z:",1,2021-07-25
"@savagevinegar1:",1,2021-07-25
"@savviey_dope:",1,2021-07-25
"@shaluwahmuslim1:",1,2021-07-25
"@sk_enterprise1",1,2021-07-25
"@smartatuadi:",1,2021-07-25
"@stan4life2:",1,2021-07-25
"@stephen_sake:",1,2021-07-25
"@strawb_belief2:",1,2021-07-25
"@temigomez:",1,2021-07-25
"@themkyounng:",1,2021-07-25
"@thesheddyking:",1,2021-07-25
"@thetaiwo69:",1,2021-07-25
"@thic_didi",1,2021-07-25
"@toesfootwear1:",1,2021-07-25
"@tunleshi",1,2021-07-25
"@tweetestboi_ph:",1,2021-07-25
"@tweetoracle:",1,2021-07-25
"@ufuomaaa:",1,2021-07-25
"@uglee_boy:",1,2021-07-25
"@ugonwanne4:",1,2021-07-25
"@uniqueclara__:",1,2021-07-25
"@uwaskyy:",1,2021-07-25
"@victorisrael_:",1,2021-07-25
"@victoryalex4:",1,2021-07-25
"@voltef92:",1,2021-07-25
"@writerspec:",1,2021-07-25
"@yerinsabraham",1,2021-07-25
"@yerinsabraham:",1,2021-07-25
"@yerln_a:",1,2021-07-25
"@yimzyagain:",1,2021-07-25
"@yslmelchesedek",1,2021-07-25
"@maziibe_:",19,2021-07-25
"@iamwhitemoney:",15,2021-07-25
"@harrisonjnior:",14,2021-07-25
"@smithie___:",14,2021-07-25
"@dee1dynasty:",13,2021-07-25
"@mr_joshhhh:",13,2021-07-25
"@shawnifee:",13,2021-07-25
"@bussieojo:",11,2021-07-25
"@babygirlblosy:",9,2021-07-25
"@olorisupergal:",9,2021-07-25
"@dammiedammie35:",8,2021-07-25
"@evansted101:",8,2021-07-25
"@manlikeicey:",8,2021-07-25
"@ebuka:",7,2021-07-25
"@giftynkem:",7,2021-07-25
"@gistreel:",7,2021-07-25
"@godwinojebiyi:",7,2021-07-25
"@bbnaija:",6,2021-07-25
"@engr_series:",6,2021-07-25
"@omojuwa:",6,2021-07-25
"@steve_destiny:",6,2021-07-25
"@unclepamilerin:",6,2021-07-25
"@emmanuel_bbn:",5,2021-07-25
"@gistloversblog1:",5,2021-07-25
"@lamide_black:",5,2021-07-25
"@tweetoracle:",5,2021-07-25
"@yerinsabraham:",5,2021-07-25
"@adaifeatu:",4,2021-07-25
"@bbnaija_gossip:",4,2021-07-25
"@boma_akpore:",4,2021-07-25
"@caleboflagos:",4,2021-07-25
"@iamdo2dtun:",4,2021-07-25
"@luphahlashantel:",4,2021-07-25
"@oye440:",4,2021-07-25
"@potam1304:",4,2021-07-25
"@shugarkweene:",4,2021-07-25
"@maziibe_:",20,2021-07-25
"@iamwhitemoney:",15,2021-07-25
"@harrisonjnior:",14,2021-07-25
"@smithie___:",14,2021-07-25
"@dee1dynasty:",13,2021-07-25
"@mr_joshhhh:",13,2021-07-25
"@shawnifee:",13,2021-07-25
"@bussieojo:",11,2021-07-25
"@babygirlblosy:",9,2021-07-25
"@manlikeicey:",9,2021-07-25
"@olorisupergal:",9,2021-07-25
"@dammiedammie35:",8,2021-07-25
"@evansted101:",8,2021-07-25
"@gistloversblog1:",8,2021-07-25
"@gistreel:",8,2021-07-25
"@ebuka:",7,2021-07-25
"@giftynkem:",7,2021-07-25
"@godwinojebiyi:",7,2021-07-25
"@unclepamilerin:",7,2021-07-25
"@bbnaija:",6,2021-07-25
"@engr_series:",6,2021-07-25
"@omojuwa:",6,2021-07-25
"@steve_destiny:",6,2021-07-25
"@emmanuel_bbn:",5,2021-07-25
"@lamide_black:",5,2021-07-25
"@shugarkweene:",5,2021-07-25
"@tweetoracle:",5,2021-07-25
"@yerinsabraham:",5,2021-07-25
"@adaifeatu:",4,2021-07-25
"@bbnaija_gossip:",4,2021-07-25
"@blvck_witch:",4,2021-07-25
"@boma_akpore:",4,2021-07-25
"@caleboflagos:",4,2021-07-25
"@erigganewmoney:",4,2021-07-25
"@iamdo2dtun:",4,2021-07-25
"@luphahlashantel:",4,2021-07-25
"@oye440:",4,2021-07-25
"@potam1304:",4,2021-07-25
"@sonjoe_kutuh:",4,2021-07-25
"@maziibe_:",20,2021-07-25
"@iamwhitemoney:",15,2021-07-25
"@harrisonjnior:",14,2021-07-25
"@smithie___:",14,2021-07-25
"@dee1dynasty:",13,2021-07-25
"@mr_joshhhh:",13,2021-07-25
"@shawnifee:",13,2021-07-25
"@bussieojo:",11,2021-07-25
"@babygirlblosy:",9,2021-07-25
"@gistloversblog1:",9,2021-07-25
"@manlikeicey:",9,2021-07-25
"@olorisupergal:",9,2021-07-25
"@dammiedammie35:",8,2021-07-25
"@evansted101:",8,2021-07-25
"@gistreel:",8,2021-07-25
"@ebuka:",7,2021-07-25
"@giftynkem:",7,2021-07-25
"@godwinojebiyi:",7,2021-07-25
"@unclepamilerin:",7,2021-07-25
"@bbnaija:",6,2021-07-25
"@engr_series:",6,2021-07-25
"@omojuwa:",6,2021-07-25
"@steve_destiny:",6,2021-07-25
"@blvck_witch:",5,2021-07-25
"@emmanuel_bbn:",5,2021-07-25
"@erigganewmoney:",5,2021-07-25
"@lamide_black:",5,2021-07-25
"@shugarkweene:",5,2021-07-25
"@tweetoracle:",5,2021-07-25
"@yerinsabraham:",5,2021-07-25
"@maziibe_:",20,2021-07-25
"@iamwhitemoney:",15,2021-07-25
"@harrisonjnior:",14,2021-07-25
"@smithie___:",14,2021-07-25
"@dee1dynasty:",13,2021-07-25
"@mr_joshhhh:",13,2021-07-25
"@shawnifee:",13,2021-07-25
"@bussieojo:",11,2021-07-25
"@babygirlblosy:",9,2021-07-25
"@gistloversblog1:",9,2021-07-25
"@manlikeicey:",9,2021-07-25
"@olorisupergal:",9,2021-07-25
"@dammiedammie35:",8,2021-07-25
"@evansted101:",8,2021-07-25
"@gistreel:",8,2021-07-25
"@ebuka:",7,2021-07-25
"@giftynkem:",7,2021-07-25
"@godwinojebiyi:",7,2021-07-25
"@tweetoracle:",7,2021-07-25
"@unclepamilerin:",7,2021-07-25
"@bbnaija:",6,2021-07-25
"@emmanuel_bbn:",6,2021-07-25
"@engr_series:",6,2021-07-25
"@erigganewmoney:",6,2021-07-25
"@omojuwa:",6,2021-07-25
"@steve_destiny:",6,2021-07-25
"@blvck_witch:",5,2021-07-25
"@lamide_black:",5,2021-07-25
"@shugarkweene:",5,2021-07-25
"@yerinsabraham:",5,2021-07-25
